cds,lea,county,i_exp,i_all,ii_exp,ii_all,iii_exp,iii_all,total_exp,total_all,iii_plan_link
01100170000000,Alameda County Office of Education,Alameda,442110,442110,2458641,2458641,5526880,5526880,8427631,8427631,https://drive.google.com/file/d/1-aUU57hyWygnThjrSnX5ULYAJJG2BXZF/view
01100170112607,Envision Academy for Arts & Technology,Alameda,102727,102727,406811,406811,914487,914487,1424025,1424025,https://envisionacademy.org/wp-content/uploads/sites/3/2021/10/2021_ESSER_III_Expenditure_Plan_Envision_Academy_of_Arts___Technology_20211018.pdf
01100170123968,Community School for Creative Education,Alameda,54193,54193,284566,284566,639687,639687,978446,978446,https://img1.wsimg.com/blobby/go/edfc2ce1-49d4-48bc-9107-a4c585807926/downloads/esseriiiexpenditureplan.pdf?ver=1650043745141
01100170125567,Urban Montessori Charter,Alameda,37887,37887,139675,139675,313981,313981,491543,491543,https://app2.boardontrack.com/attachment/publicDownload/205714?s=spP9c0
01100170129403,Epic Charter,Alameda,0,0,NA,NA,NA,NA,0,0,
01100170130625,Alternatives in Action,Alameda,62806,62806,248717,248717,559100,559100,870623,870623,https://static1.squarespace.com/static/5f8d0815c629cb328ce4025a/t/617c2c6f76528f19b24dc672/1635527792304/ESSER+III_AIA.pdf
01100170131581,Oakland Unity Middle,Alameda,55942,55942,213324,213324,479541,479541,748807,748807,https://unityschools.app.box.com/s/thqdaecuxlwysqose5w7q20ows4uf952
01100170137448,Aurum Preparatory Academy,Alameda,49831,49831,199130,199130,447632,447632,696593,696593,https://www.aurumprep.org/_files/ugd/2635a7_b4a905ffaa7649639bbfc0d9f9399a16.pdf
01100170138867,Hayward Collegiate Charter,Alameda,19567,19567,78193,78193,175774,175774,273534,273534,https://static1.squarespace.com/static/65a0abaefd47e671ee1fd526/t/65b275f8700d634f689f3415/1706194424171/Hayward_Collegiate_FY22_ESSER_III_Expenditure_Plan__1_.pdf
01100176001788,Cox Academy,Alameda,202392,202392,801493,801493,1801709,1801709,2805594,2805594,
01100176002000,Lazear Charter Academy,Alameda,154352,154352,611248,611248,1374051,1374051,2139651,2139651,https://www.efcps.org/_files/ugd/88f0d1_eea391c999c047ecb9923cc87871fa3f.pdf
01611190000000,Alameda Unified,Alameda,802891,802891,3179530,3179530,7147396,7147396,11129817,11129817,https://resources.finalsite.net/images/v1656191607/alamedak12caus/nniulu5pg8hi6s6v5f1a/ESSERIIIExpenditurePlan.pdf
01611190119222,Nea Community Learning Center,Alameda,47258,47258,228711,228711,514129,514129,790098,790098,https://resources.finalsite.net/images/v1634573590/clcs/e3wi7rivqyt2kaoeucj5/FinalNeaESSERIIIexpenditureplanOct2021.pdf
01611190122085,The Academy of Alameda,Alameda,64126,64126,277746,277746,624357,624357,966229,966229,https://aoaschools.app.box.com/s/u6rgovub09t7a091bv3k0ewsp12ux98p
01611190131805,The Academy of Alameda Elementary,Alameda,30624,30624,156145,156145,351005,351005,537774,537774,https://aoaschools.app.box.com/s/h8yp1kmbja9a8uqkqm94y9gsh6x0ndud
01611430000000,Berkeley Unified,Alameda,629918,629918,2348419,2348419,5279107,5279107,8257444,8257444,https://www.berkeleyschools.net/wp-content/uploads/2022/01/2021_ESSER_III_Expenditure_Plan_Berkeley_Unified_School_District_20220112.pdf
01611500000000,Castro Valley Unified,Alameda,509475,509475,1040427,1040427,2338818,2338818,3888720,3888720,https://drive.google.com/file/d/1Rx0Ry9_2XvqnMu0HeCP8vkNeNpLPS4B0/view
01611680000000,Emery Unified,Alameda,80661,80661,319426,319426,718050,718050,1118137,1118137,https://docs.google.com/document/d/1R6y7o2DdcWD5eMU4CbhnuZrD7TOfIi4nseWVMaCpaOs/edit
01611760000000,Fremont Unified,Alameda,1894271,1894271,3743935,3743935,8416146,8416146,14054352,14054352,https://drive.google.com/file/d/1XOak_3KjAfPcB5IcuOjDAOqGeBhjzLwe/view
01611920000000,Hayward Unified,Alameda,3989149,3989149,14924265,14924265,33548869,33548869,52462283,52462283,https://resources.finalsite.net/images/v1686062930/husdus/datse3fosj7szffgzrqd/7856779058669315180.pdf
01611920108670,Leadership Public Schools - Hayward,Alameda,114095,114095,451829,451829,1015686,1015686,1581610,1581610,https://www.leadps.org/wp-content/uploads/2021/10/2021_esser_iii_expenditure_plan_leadership_public_schools__hayward_20211004.pdf
01611920119248,Golden Oak Montessori of Hayward,Alameda,20808,20808,74300,74300,0,167023,95108,262131,
01611920127696,Knowledge Enlightens You (KEY) Academy,Alameda,113530,113530,417242,417242,937936,937936,1468708,1468708,https://4.files.edl.io/e3cd/01/11/23/194541-bac7b098-cc3d-41fe-b878-7836a83d376c.pdf
01611920127944,Hayward Twin Oaks Montessori,Alameda,36172,36172,284376,284376,639260,639260,959808,959808,https://4.files.edl.io/d502/11/05/21/215932-a509740a-4d0f-4bf6-958a-a9528fba6d4e.pdf
01611920137646,Impact Academy of Arts & Technology,Alameda,154654,154654,639888,639888,1438432,1438432,2232974,2232974,https://es-impact.org/wp-content/uploads/sites/2/2021/10/2021_ESSER_III_Expenditure_Plan_Impact_Academy_of_Arts___Technology_20211018.pdf
01612000000000,Livermore Valley Joint Unified,Alameda,403147,403147,1593432,1593432,3581942,3581942,5578521,5578521,https://www.livermoreschools.org//cms/lib/CA50000061/Centricity/Domain/2510/2021_ESSER_III_Expenditure_Plan_Livermore_Valley_Joint_Unified_School_District_20211015.pdf
01612180000000,Mountain House Elementary,Alameda,13973,13973,57951,57951,130270,130270,202194,202194,
01612340000000,Newark Unified,Alameda,472766,472766,1862539,1862539,4137673,4186878,6472978,6522183,https://www.newarkunified.org/uploaded/Business_Dept/Financial_Reports/ESSER_III_Expenditure_Plan_Board_Approved_10-21-21.pdf
01612420000000,New Haven Unified,Alameda,993853,993853,3663915,3663915,8236266,8236266,12894034,12894034,https://drive.google.com/file/d/1Y3pwc7B7BnTxZ5Uz9tLknd0zjiBZN27q/view
01612590000000,Oakland Unified,Alameda,14591960,14591960,57785641,57785641,129609855,129898721,201987456,202276322,https://drive.google.com/file/d/1-9Bl45XNbL1jSA33rTDOvEkYdf4lPt1k/view
01612590100065,Oakland Unity High,Alameda,104237,104237,412788,412788,927924,927924,1444949,1444949,https://unityschools.app.box.com/s/wbfekq4l2129bqw8zh5hgio6c54ou3cs
01612590106906,Bay Area Technology,Alameda,100333,100333,360964,360964,811427,811427,1272724,1272724,https://core-docs.s3.amazonaws.com/documents/asset/uploaded_file/1722428/ESSER_III.pdf
01612590108944,Lighthouse Community Charter High,Alameda,70156,70156,287946,287946,647285,647285,1005387,1005387,https://lighthousecharter.org/wp-content/uploads/2021/10/2021_ESSER_III_Expenditure_Plan_Lighthouse_Community_Charter_High_School_20211019.pdf
01612590109819,Aspire Berkley Maynard Academy,Alameda,155867,155867,581579,581579,1307356,1307356,2044802,2044802,
01612590111476,Achieve Academy,Alameda,241121,241121,905997,905997,2036628,2036628,3183746,3183746,
01612590111856,AIMS College Prep High,Alameda,82355,82355,340749,340749,765983,765983,1189087,1189087,https://static1.squarespace.com/static/5c7f148ef8135a6324962c34/t/617c3d721ad1263d275a0b0d/1635532146306/AIMS+HS+-+ESSER+III+Plan.pdf.pdf
01612590114363,American Indian Public Charter School II,Alameda,183906,183906,760920,760920,1684303,1710503,2629129,2655329,https://static1.squarespace.com/static/5c7f148ef8135a6324962c34/t/617c3d9dfbb37444a73f91b5/1635532190128/AIPCS+II+-+ESSER+III.pdf.pdf
01612590114868,Oakland Charter High,Alameda,114766,114766,468197,468197,564842,1052478,1147805,1635441,https://www.amethodschools.org/ourpages/auto/2021/11/2/60035521/Oakland%20Charter%20High%20School%20ESSER%20III%20Plans-%20%2823_24%29.pdf
01612590115014,KIPP Bridge Academy,Alameda,173262,173262,635491,635491,1428546,1428546,2237299,2237299,https://drive.google.com/file/d/1jLuIeWgzAfBccN-e5NpUNrJ3rImhASka/view
01612590115238,ARISE High,Alameda,86012,86012,370160,370160,832098,832098,1288270,1288270,https://drive.google.com/file/d/1vE8Ak0o_ATygg4_ZbVPoOfOJHaqm7LWO/view
01612590115592,Learning Without Limits,Alameda,139893,139893,553990,553990,1245336,1245336,1939219,1939219,https://www.efcps.org/_files/ugd/88f0d1_4b3503c7f8794318986376364a3436d3.pdf
01612590118224,Aspire Golden State College Preparatory Academy,Alameda,203178,203178,804604,804604,1808702,1808702,2816484,2816484,
01612590120188,Aspire ERES Academy,Alameda,76728,76736,77398,309615,0,695995,154126,1082346,
01612590123711,Vincent Academy,Alameda,13648,83263,0,0,0,0,13648,83263,
01612590126748,LPS Oakland R & D Campus,Alameda,149788,149788,621431,621431,1396940,1396940,2168159,2168159,https://www.leadps.org/wp-content/uploads/2021/10/2021_esser_iii_expenditure_plan_leadership_public_schools__oakland_20211004-1.pdf
01612590128413,Aspire College Academy,Alameda,100667,100667,386210,386210,868177,868177,1355054,1355054,
01612590129635,Downtown Charter Academy,Alameda,75643,75643,316368,316368,641992,711178,1034003,1103189,https://www.amethodschools.org/ourpages/auto/2021/11/2/60035521/Downtown%20Charter%20Academy%20ESSER%20III%20Plans-%20%2823_24%29.pdf
01612590129932,East Bay Innovation Academy,Alameda,32615,32615,187416,187416,421300,421300,641331,641331,https://dwscbcy9jc8hm.cloudfront.net/sites/260/comfy/cms/files/67781/files/original/2021_ESSER_III_Expenditure_Plan_East_Bay_Innovation_Academy_20211026_%281%29.pdf
01612590130617,"Oakland Military Institute, College Preparatory Academy",Alameda,208242,208242,822076,822076,1847978,1847978,2878296,2878296,https://4.files.edl.io/3a6f/07/14/23/160931-42b3952e-bad7-4bb1-9a7f-7c0ca31add7d.pdf
01612590130633,Lighthouse Community Charter,Alameda,156787,156787,619801,619801,1393277,1393277,2169865,2169865,https://lighthousecharter.org/wp-content/uploads/2021/10/2021_ESSER_III_Expenditure_Plan_Lighthouse_Community_Charter_School_20211019.pdf
01612590130666,Aspire Lionel Wilson College Preparatory Academy,Alameda,175771,175771,659041,659041,1481486,1481486,2316298,2316298,
01612590130732,Aspire Triumph Technology Academy,Alameda,104355,104355,413256,413256,928976,928976,1446587,1446587,
01612590132514,Francophone Charter School of Oakland,Alameda,17994,17994,71257,71257,160180,160180,249431,249431,https://francophoneschool.org/wp-content/uploads/2021/09/Francophone-esseriiiexpenditureplan.pdf
01612590132555,Conservatory of Vocal/Instrumental Arts High,Alameda,3193,11864,4430,45427,0,102117,7623,159408,
01612590134015,Lodestar: A Lighthouse Community Charter Public,Alameda,68681,68681,601716,601716,1352622,1352622,2023019,2023019,https://lighthousecharter.org/wp-content/uploads/2022/04/2021_ESSER_III_Expenditure_Plan_Lodestar__A_Lighthouse_Community_Public_School_20211019.pdf
01612593030772,Oakland School for the Arts,Alameda,14336,14336,71982,71982,161810,161810,248128,248128,https://web.archive.org/web/20211207030533/https://www.oakarts.org/documents/About/Board%20of%20Directors/2021-22%20Board%20Agendas%20and%20Materials/2021_ESSER_III_Expenditure_Plan_Oakland_School_for_the_Arts_20211025.pdf
01612596111660,Oakland Charter Academy,Alameda,109193,109193,392840,392840,780451,883082,1282484,1385115,https://oca.amethodschools.org/m/cross.jsp?wREC_ID=4839&crossPath=/m/pages/index.jsp%3FuREC_ID%3D376642%26type%3Dd%26termREC_ID%3D%26pREC_ID%3D981152
01612596113807,AIMS College Prep Middle,Alameda,40660,40660,171773,171773,386136,386136,598569,598569,https://static1.squarespace.com/static/5c7f148ef8135a6324962c34/t/617c3d3b5f70df30ae30ecfb/1635532091985/AIMS+MS+-+ESSER+III.pdf.pdf
01612596117568,Aspire Monarch Academy,Alameda,142180,142180,562317,562317,1264055,1264055,1968552,1968552,
01612596117972,North Oakland Community Charter,Alameda,29154,29154,132736,132736,298382,298382,460272,460272,
01612596118608,ASCEND,Alameda,152084,152084,602270,602270,1353867,1353867,2108221,2108221,https://www.efcps.org/_files/ugd/88f0d1_884d7a11016c45b8981c6f178717e2ef.pdf
01612750000000,Piedmont City Unified,Alameda,29202,29202,NA,NA,NA,NA,29202,29202,
01612910000000,San Leandro Unified,Alameda,1232228,1232228,4879746,4879746,10969383,10969383,17081357,17081357,https://drive.google.com/file/d/1YS6Bt9gcZZhkB-Sd_K7mgPX6BdP3sUV3/view
01613090000000,San Lorenzo Unified,Alameda,1767508,1767508,6589813,6589813,4155586,14813512,12512907,23170833,https://4.files.edl.io/2657/10/28/21/214529-718c8bb2-a35e-45db-b6af-764c33317b72.pdf
01613090101212,KIPP Summit Academy,Alameda,108938,108938,431407,431407,969778,969778,1510123,1510123,https://drive.google.com/file/d/12EvR1zktQPzUrY2Jdpj2skU4BlK8KWMp/view
01613090114421,KIPP King Collegiate High,Alameda,128569,128569,509147,509147,1144533,1144533,1782249,1782249,https://drive.google.com/file/d/1UKpsJow-eW9kuBH6BnkB0b1WjXEAbSyS/view
01750930000000,Dublin Unified,Alameda,131033,131033,485597,485597,1091594,1091594,1708224,1708224,https://go.boarddocs.com/ca/dublinusd/Board.nsf/files/C7YVXX82F0A8/$file/2021_ESSER_III_Expenditure_Plan_DUSD_20211020.pdf
01751010000000,Pleasanton Unified,Alameda,238276,238276,943598,943598,2121154,2121154,3303028,3303028,https://drive.google.com/file/d/1hICuP9o1_S-H_lRYPY5AT9FWSl2ZMpx9/view
01751190000000,Sunol Glen Unified,Alameda,18951,18951,75973,75973,170783,170783,265707,265707,https://www.sunol.k12.ca.us/_files/ugd/d0d407_92b03d0ead5c4c0e81e429533d64c092.pdf
01771800138289,Latitude 37.8 High,Alameda,28222,28222,112779,112779,253520,253520,394521,394521,https://www.efcps.org/_files/ugd/88f0d1_39c955cec99d4e5581cd582a8275e3da.pdf
02613330000000,Alpine County Unified,Alpine,48414,48414,223567,223567,502564,502564,774545,774545,https://alpinestudents.org/files/user/3/file/2021_ESSER_III_Expenditure_Plan_Alpine_County_Unified_School_District_20211029.pdf
03100330000000,Amador County Office of Education,Amador,26611,26611,123250,123250,277059,277059,426920,426920,
03739810000000,Amador County Unified,Amador,567974,567974,2249234,2249234,5056147,5056147,7873355,7873355,
04100410000000,Butte County Office of Education,Butte,749708,749708,2697193,2697193,6018920,6063132,9465821,9510033,https://www.livebinders.com/play/play/2850362?tabid=5c39f4d9-2855-cc11-4280-54096a0fe7df
04100410114991,CORE Butte Charter,Butte,116021,116021,445950,445950,1002469,1002469,1564440,1564440,https://www.livebinders.com/play/play/2850362?tabid=730ed468-a135-daaa-0f9e-c72fb5c94bb1
04613820000000,Bangor Union Elementary,Butte,30184,30184,125173,125173,281381,281381,436738,436738,https://www.livebinders.com/play/play/2850362?tabid=4470f94b-b382-fcf0-8efb-d9ef3902cd26
04614080000000,Biggs Unified,Butte,281124,281124,1056308,1056308,2367715,2374519,3705147,3711951,https://www.livebinders.com/play/play/2850362?tabid=9efffa35-915a-9d46-fd47-cdb5d0ba93a1
04614240000000,Chico Unified,Butte,2613831,2613831,10086464,10086464,22673778,22673778,35374073,35374073,https://www.livebinders.com/play/play/2850362?tabid=dc1de33f-d56d-9f0a-53cf-a74c0e12f354
04614240110551,Nord Country,Butte,21997,21997,85976,85976,193270,193270,301243,301243,https://www.livebinders.com/play/play/2850362?tabid=c1cf36f2-373e-8c8c-c1c0-723ba9f298ee#anchor
04614246119523,Blue Oak Charter,Butte,64410,64410,251025,251025,564289,564289,879724,879724,https://www.livebinders.com/play/play/2850362?tabid=47b1a988-94f4-6834-bddc-6809b5c6019c
04614320000000,Durham Unified,Butte,84608,84608,317135,317135,712901,712901,1114644,1114644,https://www.livebinders.com/play/play/2850362?tabid=03db47db-dc35-1410-b3d0-88bd6d303355
04614570000000,Golden Feather Union Elementary,Butte,69598,69598,275617,275617,619570,619570,964785,964785,https://www.livebinders.com/play/play/2850362?tabid=738c770d-99fd-0cea-1d81-1f8c6bc8cff2
04614990000000,Manzanita Elementary,Butte,44010,44010,158333,158333,355924,355924,558267,558267,https://www.livebinders.com/play/play/2850362?tabid=7df2b6cb-00a6-799b-d8eb-ce554473af4b
04615070000000,Oroville City Elementary,Butte,904780,904780,3810987,3810987,8566874,8566874,13282641,13282641,https://www.livebinders.com/play/play/2850362?tabid=46526842-7855-29d4-d886-27de75676f5d
04615070129577,STREAM Charter,Butte,39702,39702,153270,153270,344541,344541,537513,537513,https://www.livebinders.com/play/play/2850362?tabid=34a83517-44f3-bdc3-af6c-37fa3c4e805b#anchor
04615150000000,Oroville Union High,Butte,610610,610610,2453365,2453365,5515021,5515021,8578996,8578996,https://www.livebinders.com/play/play/2850362?tabid=a1a8f543-3920-7342-212b-48269291b7c0
04615230000000,Palermo Union Elementary,Butte,359802,359802,1575461,1575461,3270363,3541545,5205626,5476808,https://www.livebinders.com/play/play/2850362?tabid=f87a5bd2-bafd-7c6f-c26a-34cb9c6c6f86
04615310000000,Paradise Unified,Butte,904347,904347,3581305,3581305,8050563,8050563,12536215,12536215,https://www.livebinders.com/play/play/2850362?tabid=2b5d85f4-c114-0457-41a5-8a3fd2161cf5
04615490000000,Thermalito Union Elementary,Butte,878036,878036,3334365,3334365,7495456,7495456,11707857,11707857,https://www.livebinders.com/play/play/2850362?tabid=a09cc2e4-907a-6b8c-f5b8-949be5343461
04733790000000,Pioneer Union Elementary,Butte,22519,22519,168391,168391,378534,378534,569444,569444,https://www.livebinders.com/play/play/2850362?tabid=4844c1b1-4b4c-12ca-0b23-9ab79cf4472f
04755070000000,Gridley Unified,Butte,426252,426252,1688002,1688002,3794529,3794529,5908783,5908783,https://www.livebinders.com/play/play/2850362?tabid=cc0da0cc-9657-76bb-cad8-59e8a3068ba7
05100580000000,Calaveras County Office of Education,Calaveras,85661,85661,371508,371508,794930,835128,1252099,1292297,https://4.files.edl.io/b2e0/04/07/22/162207-4cd18138-a3a8-42ec-b768-24dafcf2f0f0.pdf
05615560000000,Bret Harte Union High,Calaveras,121859,121859,551571,551571,1239900,1239900,1913330,1913330,https://core-docs.s3.amazonaws.com/documents/asset/uploaded_file/3329/BHUHSD/2792827/2022_ESSER_III_Expenditure_Plan_Bret_Harte_Union_High_School_District_20230216.pdf
05615640000000,Calaveras Unified,Calaveras,723262,723262,2992524,2992524,6727017,6727017,10442803,10442803,
05615720000000,Mark Twain Union Elementary,Calaveras,122621,122621,448989,448989,1009301,1009301,1580911,1580911,
05615800000000,Vallecito Union,Calaveras,234190,234190,798159,798159,1794216,1794216,2826565,2826565,https://web.archive.org/web/20240620192855/https://4.files.edl.io/3c62/10/28/21/183455-9c662b6b-585a-4089-a3d7-30a942359f43.pdf
06615980000000,Colusa Unified,Colusa,178564,178564,707131,707131,1589589,1589589,2475284,2475284,https://www.colusa.k12.ca.us/documents/CUSD-ESSER-III-Expenditure-Plan.pdf
06616060000000,Maxwell Unified,Colusa,35096,35096,146774,146774,329938,329938,511808,511808,https://www.maxwellusd.net/documents/Departments/Business-Services/ESSER-III-Grant.pdf
06616140000000,Pierce Joint Unified,Colusa,230018,230018,910894,910894,2047636,2047636,3188548,3188548,https://cdnsm5-ss19.sharpschool.com/UserFiles/Servers/Server_91750/File/2021_ESSER_III_Expenditure_Plan_Pierce_Joint_Unified_School_District_20220415%20(1).pdf
06616220000000,Williams Unified,Colusa,145903,145903,602131,602131,1353554,1353554,2101588,2101588,https://web.archive.org/web/20220113191558/https://cdn5-ss5.sharpschool.com/UserFiles/Servers/Server_3121275/File/Board%20docs/2021_ESSER_III_Expenditure_Plan_Williams_Unified_School_District_20211008.pdf
07100740000000,Contra Costa County Office of Education,Contra Costa,695545,695545,3065231,3065231,6807805,6890458,10568581,10651234,https://cdnsm5-ss16.sharpschool.com/UserFiles/Servers/Server_1077313/File/COVID%2019/CCCOE%20ESSER%20III%20Extpenditure%20Plan.pdf
07100740114470,Making Waves Academy,Contra Costa,248007,248007,1023174,1023174,2300034,2300034,3571215,3571215,https://resources.finalsite.net/images/v1639162558/makingwaves/xrk43643e5bmufsu9rsj/ESSERIIIExpenditurePlan2021.pdf
07100740129528,Caliber: Beta Academy,Contra Costa,239850,239850,932185,932185,2095497,2095497,3267532,3267532,https://resources.finalsite.net/images/v1636552832/caliberschoolsorg/gkzni4bagnmlbjsafnry/esser_revision__cba__1.pdf
07100740129684,Summit Public School K2,Contra Costa,96209,96209,448229,448229,1007592,1007592,1552030,1552030,https://summitps.org/wp-content/uploads/2021/11/ESSER-III-Expenditure-Plan-Summit-Public-School_-K2.docx.pdf
07100740137026,Invictus Academy of Richmond,Contra Costa,40066,40066,160106,160106,359908,359908,560080,560080,https://drive.google.com/file/d/15g519KvbfQ79pjzJ4GleBDlwYlfFAVQg/view
07100746118368,Manzanita Middle,Contra Costa,37064,37064,133343,133343,299747,299747,470154,470154,https://manzy.org/wp-content/uploads/MCMS-2021-ESSER-III-Expenditure-Plan-.pdf
07616300000000,Acalanes Union High,Contra Costa,104137,104137,353835,353835,795399,795399,1253371,1253371,https://go.boarddocs.com/ca/auhsd/Board.nsf/files/C7DR8E69603D/$file/esseriiiexpenditureplan.docx.pdf
07616480000000,Antioch Unified,Contra Costa,3436856,3436856,13610298,13610298,28226964,30595148,45274118,47642302,https://core-docs.s3.amazonaws.com/documents/asset/uploaded_file/3816/AUSD/3123795/ESSER_III_Expenditure_Plan_-_English.pdf
07616480137430,Rocketship Delta Prep,Contra Costa,99685,99685,395405,395405,888848,888848,1383938,1383938,https://www.rocketshipschools.org/wp-content/uploads/2022/04/RDL_esser-iii-expenditure-plan.pdf
07616630000000,Byron Union Elementary,Contra Costa,159180,159180,724500,724500,1628632,1628632,2512312,2512312,
07616630130930,Vista Oaks Charter,Contra Costa,85446,85446,341341,341341,767314,767314,1194101,1194101,https://4.files.edl.io/26db/09/21/21/204146-3a04446c-40cc-4627-93e7-0824df35b013.pdf
07616970000000,John Swett Unified,Contra Costa,340123,340123,1346920,1346920,3027797,3027797,4714840,4714840,https://drive.google.com/file/d/1BFvbwMqQnlep0yGs7cYjV6IgEGZsBvg7/view
07617050000000,Knightsen Elementary,Contra Costa,44823,44823,170241,170241,382693,382693,597757,597757,
07617130000000,Lafayette Elementary,Contra Costa,42968,42968,166518,166518,374322,374322,583808,583808,https://go.boarddocs.com/ca/lafsd/Board.nsf/files/C6MVSM82294F/$file/2021%20LafSD%20ESSER%20III%20Expenditure%20Plan.pdf
07617210000000,Liberty Union High,Contra Costa,366914,366914,1639492,1639492,3685483,3685483,5691889,5691889,https://ca01001129.schoolwires.net/cms/lib/CA01001129/Centricity/Domain/1055/2021%20LUHSD%20ESSER%20III%20Expenditure%20Plan%20-%20final%20.pdf
07617390000000,Martinez Unified,Contra Costa,261087,261087,1033929,1033929,2324213,2324213,3619229,3619229,https://docs.google.com/document/d/15nS3DCgBNTmhfkZpHqNjmCMiHMOZ6QK50E1u-RrtBLw/edit?usp=sharing
07617470000000,Moraga Elementary,Contra Costa,24665,24665,84086,84086,189021,189021,297772,297772,https://www.moraga.k12.ca.us/documents/About-Us/District/District-Plans/2021-2022/2021-2022-MSD-ESSER-III-Plan.pdf
07617540000000,Mt. Diablo Unified,Contra Costa,4525329,4525329,17350126,17350126,39002063,39002063,60877518,60877518,https://mtdiablo.ic-board.com/attachments/f8070269-3356-4be0-bf07-25cb70fee3e1.pdf
07617540134072,Rocketship Futuro Academy,Contra Costa,104646,104646,503562,503562,1131978,1131978,1740186,1740186,https://www.rocketshipschools.org/wp-content/uploads/2022/04/RFA_esser-iii-expenditure-plan.pdf
07617620000000,Oakley Union Elementary,Contra Costa,332102,332102,1315158,1315158,2956398,2956398,4603658,4603658,https://core-docs.s3.amazonaws.com/documents/asset/uploaded_file/3980/OUESD/3169665/6822706940409404887.pdf
07617880000000,Pittsburg Unified,Contra Costa,2059846,2059846,7872019,7872019,17481868,17695836,27413733,27627701,https://pittsburgusd.net/documents/Departments/Educational-Services/Safety--Emergency-Preparedness/Emergency-Preparedness/PUSD-ESSER-III-Plan.pdf
07617960000000,West Contra Costa Unified,Contra Costa,6055525,6055525,23674250,23674250,53218321,53218321,82948096,82948096,https://www.wccusd.net/cms/lib/CA01001466/Centricity/Domain/961/Revised%20ESSER%20III%20Plan%201-12-22.pdf
07617960101477,Leadership Public Schools: Richmond,Contra Costa,187721,187721,743393,743393,1671104,1671104,2602218,2602218,https://www.leadps.org/wp-content/uploads/2021/10/2021_esser_iii_expenditure_plan_leadership_public_schools__richmond_20211004.pdf
07617960110973,Richmond College Preparatory,Contra Costa,133977,133977,530564,530564,1192677,1192677,1857218,1857218,https://www.rcpschools.org/wp-content/uploads/2023/07/esseriiiexpenditureplan.docx.pdf
07617960126805,Richmond Charter Academy,Contra Costa,76865,76865,318032,318032,641350,714917,1036247,1109814,https://www.amethodschools.org/ourpages/auto/2021/11/2/60035521/Richmond%20Charter%20Academy%20ESSER%20III%20Plans-%20%2823_24%29.pdf
07617960129643,Richmond Charter Elementary-Benito Juarez,Contra Costa,129791,129791,523861,523861,892466,1177609,1546118,1831261,https://www.amethodschools.org/ourpages/auto/2021/11/2/60035521/Benito%20Juarez%20Elementary%20ESSER%20III%20Plans-%20%2823_24%29.pdf
07617960132100,Aspire Richmond Ca. College Preparatory Academy,Contra Costa,119028,119028,471364,471364,1059599,1059599,1649991,1649991,
07617960132118,Aspire Richmond Technology Academy,Contra Costa,96921,96921,383816,383816,862797,862797,1343534,1343534,
07617960133637,Summit Public School: Tamalpais,Contra Costa,74608,74608,360322,360322,809984,809984,1244914,1244914,https://summitps.org/wp-content/uploads/2021/11/ESSER-III-Expenditure-Plan-Summit-Public-School_-Tamalpais.docx.pdf
07617960136903,Voices College-Bound Language Academy at West Contra Costa County,Contra Costa,43244,43244,171252,171252,384964,384964,599460,599460,https://voicesacademies.org/wp-content/uploads/2022/04/Voices-FY22-ESSER-III-Expenditure-Plan-WCC-revised.pdf
07618040000000,San Ramon Valley Unified,Contra Costa,404431,404431,1517242,1517242,3410672,3410672,5332345,5332345,https://www.srvusd.net/documents/District/Local-Control--Accountability-Plan/ESSER-III-Exp.-Plan-Board-approved-10-05-2021.pdf
07618120000000,Walnut Creek Elementary,Contra Costa,148993,148993,316019,316019,710393,710393,1175405,1175405,https://drive.google.com/file/d/1cl4XFlJkJPjIhYj6kfi4sCQgaBOsm5j7/view
07773540132233,John Henry High,Contra Costa,84723,84723,358905,358905,731022,806798,1174650,1250426,https://www.amethodschools.org/ourpages/auto/2021/11/2/60035521/John%20Henry%20High%20School%20ESSER%20III%20Plans-%20%2823_24%29.pdf
08100820000000,Del Norte County Office of Education,Del Norte,77707,77707,293513,293513,659800,659800,1031020,1031020,
08618200000000,Del Norte County Unified,Del Norte,1279838,1279838,5308459,5308459,10664118,11933103,17252415,18521400,https://drive.google.com/file/d/1YXUO4Yc0lAaJxcocQMfsjy8YfAh88Ryv/view
08618200137729,Uncharted Shores Academy,Del Norte,39514,39514,184452,184452,414636,414636,638602,638602,https://static1.squarespace.com/static/593ec49c9de4bb7a713b3b7c/t/6239f9d1d9d842238f16b1a0/1647966675091/2021_ESSER_III_Expenditure_Plan_Uncharted_Shores_Academy_20211011.pdf
09100900000000,El Dorado County Office of Education,El Dorado,226361,226361,1208702,1208702,2717091,2717091,4152154,4152154,https://go.boarddocs.com/ca/edcoe/Board.nsf/files/C85QR5687467/$file/EDCOE%20ESSER%20III%20Expenditure%20Plan%20for%20Board%20Adoption.pdf
09618380000000,Buckeye Union Elementary,El Dorado,230697,230697,913582,913582,2053678,2053678,3197957,3197957,https://drive.google.com/file/d/1DC2GG0dvn4IVcxJ7twSckYxp9GqLcXbG/view
09618380111724,California Montessori Project-Shingle Springs Campus,El Dorado,15974,15974,79414,79414,178517,178517,273905,273905,https://resources.finalsite.net/images/v1657126218/cacmporg/njmxrrznzifjtanandry/cmp-shinglespringsesseriiiexpenditureplan.pdf
09618460000000,Camino Union Elementary,El Dorado,38497,38497,897275,897275,2017022,2017022,2952794,2952794,
09618530000000,El Dorado Union High,El Dorado,481507,481507,1906817,1906817,4286413,4286413,6674737,6674737,https://www.eduhsd.k12.ca.us/documents/EDUHSD-ESSER-III-Plan-2021-2024-1.pdf
09618790000000,Gold Oak Union Elementary,El Dorado,51653,51653,204552,204552,459821,459821,716026,716026,https://www.gousd.org/files/user/6/file/2021_ESSER_III_Expenditure_Plan_Gold_Oak_Union_Elementary_School_District_20211210.pdf
09618870000000,Gold Trail Union Elementary,El Dorado,26013,26013,103015,103015,231572,231572,360600,360600,https://www.gtusd.org/files/user/42/file/ESSER-lll-Expenditure-Plan-Gold-Trail-USD-2021-22-Approved.pdf
09619030000000,Lake Tahoe Unified,El Dorado,417588,417588,1653690,1653690,3635712,3717397,5706990,5788675,https://drive.google.com/file/d/1iEIZP7-VZYX95NbpNTlbGfjsuGiIBk54/view
09619290000000,Mother Lode Union Elementary,El Dorado,206231,206231,716041,716041,1600954,1609617,2523226,2531889,https://core-docs.s3.amazonaws.com/documents/asset/uploaded_file/1991840/2021_ESSER_III_Expenditure_Plan_Mother_Lode_Union_Elementary_School_District_20220407.pdf
09619520000000,Placerville Union Elementary,El Dorado,224066,224066,834594,834594,1746119,1876119,2804779,2934779,https://core-docs.s3.amazonaws.com/documents/asset/uploaded_file/1738077/2021_ESSER_III_Expenditure_Plan_Placerville_Union_School_District_12-10-2021.pdf
09619600000000,Pollock Pines Elementary,El Dorado,86963,86963,368723,368723,828868,828868,1284554,1284554,https://www.ppesd.org/files/user/1/file/1205387990304497385.pdf
09619780000000,Rescue Union Elementary,El Dorado,232541,232541,920887,920887,2070099,2070099,3223527,3223527,https://www.rescueusd.org/documents/Departments/Business/Expenditure%20Plans/ESSER-III-EXPENDITURE-PLAN-DEC-2021.pdf
09737830000000,Black Oak Mine Unified,El Dorado,145647,145647,576775,576775,1296556,1296556,2018978,2018978,https://agendacast.edfographics.com/AgendaFile.ashx?FileID=61c064f9-a9d2-47a9-a90f-d26d86fe77f2
10101080000000,Fresno County Office of Education,Fresno,1200440,1200440,4784318,4784318,7216279,10754865,13201037,16739623,https://www.fcoe.org/files/2021-10/2021_ESSER_III_Expenditure_Plan_Fresno_County_Superintendent_of_Schools_20211001_02.pdf
10101080111682,Hume Lake Charter,Fresno,13435,13435,5576,5576,12535,12535,31546,31546,https://drive.google.com/file/d/1iFXImFnC27Vutq3yS2GUw3Zu65xK6Xu8/view
10101080119628,Big Picture Educational Academy,Fresno,94041,94041,372412,372412,837159,837159,1303612,1303612,https://bpea.school/wp-content/uploads/2022/08/BPEAESSERIIIExpenditurePlan.pdf
10101080127514,Kepler Neighborhood,Fresno,75325,75325,389470,389470,875505,875505,1340300,1340300,https://drive.google.com/file/d/11vq-MkSkokQIECltGlVdM63BucUDbZ1Y/view
10101080136291,Career Technical Education Charter,Fresno,31805,31805,127095,127095,140904,285702,299804,444602,https://ctec.fcoe.org/sites/ctec.fcoe.org/files/2021-09/2021_CTEC_ESSER_III_Expenditure_Plan.pdf
10101080140186,Clovis Global Academy,Fresno,13204,13204,94459,94459,212339,212339,320002,320002,https://drive.google.com/file/d/1CAnM149rJPCe5ZUvQFRk7dq8ReSek3PD/view
10101086085112,Edison-Bethune Charter Academy,Fresno,213838,213838,834277,834277,1875405,1875405,2923520,2923520,https://78u.bc8.myftpupload.com/wp-content/uploads/2022/07/2021_ESSER_III_Expenditure_Plan_Edison-Bethune_Charter_Academy_20211122.pdf
10619940000000,Alvina Elementary,Fresno,50547,50547,181849,181849,408786,408786,641182,641182,https://alvinaelementaryschool.org/files/user/2/file/Alvina_ECSD_ESSER_III_Plan_Final.pdf
10620260000000,Big Creek Elementary,Fresno,15956,15956,57452,57452,129149,129149,202557,202557,
10620420000000,Burrel Union Elementary,Fresno,37074,37074,168360,168360,378464,378464,583898,583898,https://www.burrel.k12.ca.us/files/user/31/file/2021_ESSER_III_Expenditure_Plan_Burrel_Elementary_School_20211213.pdf
10621090000000,Clay Joint Elementary,Fresno,27557,27557,104390,104390,234663,234663,366610,366610,https://clayschool.k12.ca.us/files/user/4/file/2021_ESSER_III_Expenditure_Plan_Clay_Elementary_School_10-22-21-(1)1.pdf
10621170000000,Clovis Unified,Fresno,5981305,5981305,24613863,24613863,55330514,55330514,85925682,85925682,https://www.cusd.com/Downloads/Clovis%20USD%20ESSER%20III%20Expenditure%20Plan3.pdf
10621250000000,Coalinga-Huron Unified,Fresno,1803014,1803014,7152266,7152266,16077873,16077873,25033153,25033153,https://drive.google.com/file/d/1TFfnwpHiJ4v2L3vafG0Lau3BE2SovBM1/preview
10621580000000,Fowler Unified,Fresno,649224,649224,2570994,2570994,5779443,5779443,8999661,8999661,https://www.fowlerusd.org/apps/pages/index.jsp?uREC_ID=4351003&type=d&pREC_ID=2540364
10621660000000,Fresno Unified,Fresno,43686554,43686554,173003187,173003187,352093814,388900983,568783555,605590724,https://web.archive.org/web/20220228080001/https://stafed.fresnounified.org/wp-content/uploads/FINAL-EN-ESSER-III-Expenditure-Plan-2021.10.27.pdf
10621660106740,Aspen Valley Prep Academy,Fresno,103063,103063,391706,391706,880532,880532,1375301,1375301,https://static1.squarespace.com/static/653800d1351a1a5e9cb2a1fc/t/65691b1eea1eb6210832a15d/1701387041393/2021_ESSER_III_Expenditure_Plan_Aspen_Valley_Preparatory_School_20220208+_1_.pdf
10621660114355,Sierra Charter,Fresno,122055,122055,453747,453747,1019996,1019996,1595798,1595798,https://content.myconnectsuite.com/api/documents/38605e664b6a44d28b2724d95c69ded1.pdf
10621660114553,University High,Fresno,24341,24341,93839,93839,210945,210945,329125,329125,https://uhsfresno.com/documents/About/ESSER_IIIPlanUpdated12.1.21.pdf
10621660133942,Aspen Meadow Public,Fresno,65719,65719,260255,260255,585037,585037,911011,911011,https://static1.squarespace.com/static/653801c9d354a80cf2801659/t/65d90f5f68bc7f19415a077a/1708724066014/2021_ESSER_III_Expenditure_Plan_Aspen_Meadow_Public_School_20220208.pdf
10621661030642,School of Unlimited Learning,Fresno,49421,49421,191201,191201,429808,429808,670430,670430,
10621661030840,Carter G. Woodson Public Charter,Fresno,120106,120106,524552,524552,1179161,1179161,1823819,1823819,https://www.agapeschools.org/uploads/6/7/6/4/67646387/esser_iii_carter_g._woodson_revised__1_.pdf
10622400000000,Kingsburg Elementary Charter,Fresno,538944,538944,2091268,2091268,4699569,4701047,7329781,7331259,https://resources.finalsite.net/images/v1727211722/kesdorg/cvpj2ywkjiv5xm1nmdry/ESSER3Plan.pdf
10622570000000,Kingsburg Joint Union High,Fresno,410502,410502,1482243,1482243,2111217,3331996,4003962,5224741,https://www.kingsburghigh.com/68234_2
10622650000000,Kings Canyon Joint Unified,Fresno,4119297,4119297,16312834,16312834,36670290,36670290,57102421,57102421,https://resources.finalsite.net/images/v1635894966/kcusdcom/lwik1qo8fzowaayb07mj/2021_ESSER_III_Expenditure_Plan_Kings_Canyon_Joint_Unified_School_DistrictREVIEWED.pdf
10622810000000,Laton Joint Unified,Fresno,301171,301171,1132672,1192669,1488826,2681050,2922669,4174890,https://resources.finalsite.net/images/v1681213853/latonunifiedorg/lanunpo5nrjazuscs43b/2022_updateesser_iii_expenditure_plandraft.pdf
10623230000000,Monroe Elementary,Fresno,108763,108763,413031,413031,928469,928469,1450263,1450263,https://web.archive.org/web/20240513005113/https://www.monroe.k12.ca.us/files/page/2706/2021_ESSER_III_Expenditure_Plan_Monroe_Elementary_School_District_10222021_v3.pdf
10623310000000,Orange Center,Fresno,185205,185205,758527,758527,800662,1705125,1744394,2648857,https://orange.socs.net/vimages/shared/vnews/stories/61b25ffb7be5e/2021_ESSER_III_Expenditure_Plan_Orange_Center_Elementary_School_20211007%20%281%29.pdf
10623310137661,California Virtual Academy at Fresno,Fresno,127034,127034,568852,607877,877331,1366473,1573217,2101384,
10623560000000,Pacific Union Elementary,Fresno,200630,200630,794516,794516,1502864,1786026,2498010,2781172,https://www.pacificunion.k12.ca.us/site/handlers/filedownload.ashx?moduleinstanceid=244&dataid=297&FileName=2021_ESSER_III_Expenditure_Plan_Pacific_Union_Elementary_School_20211022.pdf
10623640000000,Parlier Unified,Fresno,2230057,2230057,8831253,8831253,16608895,19852138,27670205,30913448,https://4.files.edl.io/1009/02/09/22/201225-0b80840f-8965-4c8c-9e59-05135cdb9037.pdf
10623720000000,Pine Ridge Elementary,Fresno,1207,1207,4100,4100,9216,9216,14523,14523,https://www.pineridge.k12.ca.us/581551_3
10623800000000,Raisin City Elementary,Fresno,219043,219043,867433,867433,1949939,1949939,3036415,3036415,https://resources.finalsite.net/images/v1725382175/raisincityk12caus/qv8mxeqenuzgguiptiwg/2021_ESSER_III_Expenditure_Plan_Raisin_City_Elementary_School_District_20211108.pdf
10624140000000,Sanger Unified,Fresno,2970282,2970282,12288290,12288290,27623353,27623353,42881925,42881925,
10624300000000,Selma Unified,Fresno,2510167,2510167,9949090,9949090,22364969,22364969,34824226,34824226,https://resources.finalsite.net/images/v1721623699/selmausdorg/r9iw5kewibqyzn3aca5m/SUSDESSERIIIPlan2023.pdf
10625130000000,Washington Colony Elementary,Fresno,151352,151352,599369,599369,1077877,1347346,1828598,2098067,https://resources.finalsite.net/images/v1704914396/washingtoncolonyorg/pco4vdyvehopnqzvl8cx/esseriiiexpenditureplan_.pdf
10625390000000,West Park Elementary,Fresno,133028,133028,663272,663272,1055920,1490996,1852220,2287296,https://www.westpark.k12.ca.us/documents/W-P-E-/LCAPESSER-III/ESSER-III/2021_ESSER_III_Expenditure_Plan_West_Park_School_District_20211021.pdf
10625470000000,Westside Elementary,Fresno,123379,123379,468535,468535,1053240,1053240,1645154,1645154,https://westside-elem.k12.ca.us/files/user/1/file/2021-2022-ESSER_III_Expenditure_Plan.pdf
10738090000000,Firebaugh-Las Deltas Unified,Fresno,868563,868563,3124791,3124791,7024346,7024346,11017700,11017700,https://drive.google.com/file/d/1TUvbX449EgO5xBo2mkPKQ77OYz2Utpo_/view
10739650000000,Central Unified,Fresno,4490259,4490259,17936781,17936781,37086073,40320827,59513113,62747867,https://4.files.edl.io/d1b9/10/28/21/190536-51bc89b3-20e4-4c43-936a-dddc34c1f2c1.pdf
10739990000000,Kerman Unified,Fresno,1878453,1878453,7438865,7438865,16722130,16722130,26039448,26039448,https://www.kermanusd.com/cms/lib/CA02219190/Centricity/Domain/4/Kerman%20Unified%20School%20District%20ESSER%20III%20Expenditure%20Plan%2010-28-21.pdf
10751270000000,Mendota Unified,Fresno,1713216,1713216,7213944,7213944,16216522,16216522,25143682,25143682,https://4.files.edl.io/0761/10/13/21/190004-f06544b8-0787-485f-a947-66ccee0c6d7d.pdf
10752340000000,Golden Plains Unified,Fresno,906505,906505,3274803,3274803,6638124,7361564,10819432,11542872,
10752750000000,Sierra Unified,Fresno,238133,238133,810768,810768,1822559,1822559,2871460,2871460,https://web.archive.org/web/20211129021812/https://sierrausd.org/wp-content/uploads/2021/11/11.12.21-SUSD-ESSRIII.pdf
10754080000000,Riverdale Joint Unified,Fresno,452570,452570,2708769,2708769,6089154,6089154,9250493,9250493,https://drive.google.com/file/d/1uaqLNGkE8N6eVfz7Xjq6shT7UfCoYF_f/view
10755980000000,Caruthers Unified,Fresno,555281,555281,2341525,2341525,5020736,5263610,7917542,8160416,https://resources.finalsite.net/images/v1704929831/caruthersk12caus/b4844fdvrvmrq9zptc6m/20212022_ESSER_III_Plan_for_Caruthers_Unified.pdf
10767780000000,Washington Unified,Fresno,1614067,1614067,6367615,6563194,13228463,14753674,21210145,22930935,https://www.washingtonunified.org/wp-content/uploads/2021/11/2021_ESSER_III_Expenditure_Plan_Washington_Unified_School_District-V.3.pdf
10767781030774,W.E.B. DuBois Public Charter,Fresno,125093,125093,495379,495379,1113583,1113583,1734055,1734055,https://www.agapeschools.org/uploads/6/7/6/4/67646387/esser_iii_w.e.b_dubois__1_.pdf
11101160000000,Glenn County Office of Education,Glenn,36087,36087,142910,142910,321253,321253,500250,500250,
11101160124909,Walden Academy,Glenn,27716,27716,109756,109756,246726,246726,384198,384198,https://www.waldenacademy.org/documents/ESSER-III-Expenditure-Plan.pdf
11625540000000,Capay Joint Union Elementary,Glenn,30838,30838,119746,119746,269183,269183,419767,419767,https://core-docs.s3.amazonaws.com/documents/asset/uploaded_file/2012813/2021_ESSER_III_Expenditure_Plan_Capay_Joint_Union_Elementary_School_20220415.pdf
11625960000000,Lake Elementary,Glenn,1199,1199,4072,4072,9154,9154,14425,14425,
11626380000000,Plaza Elementary,Glenn,1339,1339,4818,4818,10831,10831,16988,16988,
11626460000000,Princeton Joint Unified,Glenn,18798,18798,81194,81194,182519,182519,282511,282511,https://web.archive.org/web/20220705065911/https://pjusd.org/sites/default/files/attachments/2021_ESSER_III_Expenditure_Plan_Princeton_Joint_Unified_School_District_20211018.pdf
11626530000000,Stony Creek Joint Unified,Glenn,54275,54275,202770,202770,98919,455816,355964,712861,
11626610000000,Willows Unified,Glenn,294523,294523,1094686,1094686,2428106,2460790,3817315,3849999,https://www.willowsunified.org/documents/Agendas%20and%20Minutes/1-2021-22/10-14/ESSER-III-Expennditure-Plan.pdf
11754810000000,Orland Joint Unified,Glenn,569802,569802,2256473,2256473,5072418,5072418,7898693,7898693,https://www.orlandusd.net/documents/COVID/2021_ESSER_III_Expenditure_Plan_Orland_Unified_School_District_20220114.pdf
11765620000000,Hamilton Unified,Glenn,150823,150823,543051,543051,1220747,1220747,1914621,1914621,https://www.husdschools.org/site/handlers/filedownload.ashx?moduleinstanceid=6028&dataid=10284&FileName=2021_ESSER_III_Expenditure_Plan_Hamilton_Unified_School_District_ADOPTED%20102021.pdf
12101240000000,Humboldt County Office of Education,Humboldt,150635,150635,566003,566003,1267326,1272341,1983964,1988979,https://hcoe.org/wp-content/uploads/2021_ESSER_III_Expenditure_Plan_Humboldt_County_Office_of_Education_20211007.pdf
12101240134163,Northcoast Preparatory and Performing Arts Academy,Humboldt,16398,16398,55717,55717,125248,125248,197363,197363,https://northcoastprep.org/wp-content/uploads/2022/04/NPA_ESSER_III_Expenditure_Plan.pdf
12101240137364,Northern United - Humboldt Charter,Humboldt,86220,86220,341440,341440,767537,767537,1195197,1195197,https://www.nucharters.org/wp-content/uploads/2021/11/2021_ESSER_III_Expenditure_Plan_Northern_United_-_Humboldt_Charter_School_20211109-revised.pdf
12101246008221,Agnes J. Johnson Charter,Humboldt,14753,14753,58954,58954,132525,132525,206232,206232,https://img1.wsimg.com/blobby/go/47aa88ab-c998-47ba-91c9-648f9ee7ab97/downloads/AJJCS%20ESSER%20III%20Spending%20Plan%20102521%20Rev%2011292.pdf?ver=1726762528164
12626790000000,Arcata Elementary,Humboldt,365667,365667,1448079,1448079,3255197,3255197,5068943,5068943,https://4.files.edl.io/882e/10/12/21/162627-24856658-7c07-4fbe-ad50-efc0ee09ee45.pdf
12626790109975,Fuente Nueva Charter,Humboldt,12898,12898,51076,51076,114815,114815,178789,178789,http://apps.humboldt.k12.ca.us/sites/fuentenueva/wp-content/uploads/sites/16/2021_ESSER_III_Expenditure_Plan_FNCS.pdf
12626790111708,Union Street Charter,Humboldt,7322,7322,NA,NA,NA,NA,7322,7322,
12626790137653,Redwood Coast Montessori,Humboldt,12091,12091,57178,57178,128532,128532,197801,197801,https://redwoodcoastmontessori.org/wp-content/uploads/2022/04/RCM-ESSER-III-Plan.pdf
12626796120562,Coastal Grove Charter,Humboldt,38835,38835,160290,160290,360323,360323,559448,559448,
12626870000000,Northern Humboldt Union High,Humboldt,240402,240402,1093627,1093627,2458409,2458409,3792438,3792438,https://4.files.edl.io/3a63/04/13/22/174610-944715d2-9bc1-49d0-b594-265e6340a806.pdf
12626870124263,Laurel Tree Charter,Humboldt,34628,34628,117660,117660,264493,264493,416781,416781,https://www.laureltreecs.org/general-6-3
12627030000000,Blue Lake Union Elementary,Humboldt,28489,28489,164256,164256,369239,369239,561984,561984,https://core-docs.s3.amazonaws.com/documents/asset/uploaded_file/1747789/2021_ESSER_III_Expenditure_Plan.pdf
12627290000000,Bridgeville Elementary,Humboldt,1545,1545,81466,81466,183131,183131,266142,266142,
12627370000000,Cuddeback Union Elementary,Humboldt,18766,18766,74315,74315,167055,167055,260136,260136,https://core-docs.s3.us-east-1.amazonaws.com/documents/asset/uploaded_file/3910/CUSD/3536533/ESSER_III_Expenditure_Plan_Cuddeback_Union_Elementary_School_District_20211021__2_.pdf
12627450000000,Cutten Elementary,Humboldt,218227,218227,820416,820416,1844247,1844247,2882890,2882890,https://cuttensd.org/wp-content/uploads/2021_ESSER_III_Expenditure_Plan_Cutten_Elementary_School_District_20220623-1.pdf
12627940000000,Fieldbrook Elementary,Humboldt,20328,20328,76865,76865,172787,172787,269980,269980,https://drive.google.com/file/d/1tmBNQcmgmmtlAZc4IuzMVDm-bMwZZpU3/view
12628100000000,Fortuna Union High,Humboldt,161880,161880,818746,818746,1840492,1840492,2821118,2821118,https://4.files.edl.io/87f6/04/06/22/225825-bb48c49a-fe4c-49c9-b154-49565ab7c5e0.pdf
12628280000000,Freshwater Elementary,Humboldt,42783,42783,145367,145367,326777,326777,514927,514927,
12628850000000,Hydesville Elementary,Humboldt,19651,19651,130696,130696,293797,293797,444144,444144,https://web.archive.org/web/20220524034100/https://hydesvilleschool.org/wp-content/uploads/2021_ESSER_III_Expenditure_Plan_Hydesville_Elementary_School_20220414.pdf
12628930000000,Jacoby Creek Elementary,Humboldt,18045,18045,78071,78071,175499,175499,271615,271615,https://4.files.edl.io/3e30/10/12/21/210013-f2b80f8d-4202-4f6e-9f14-b576622e4d15.pdf
12629010000000,Klamath-Trinity Joint Unified,Humboldt,566014,566014,2478837,2478837,3869830,5572279,6914681,8617130,
12629270000000,Loleta Union Elementary,Humboldt,45406,45406,186198,186198,418562,418562,650166,650166,https://loletaschool.org/wp-content/uploads/2021_ESSER_III_Expenditure_Plan_Loleta_Union_Elementary_School_District_20211028.pdf
12629500000000,McKinleyville Union Elementary,Humboldt,225091,225091,891383,891383,2003776,2003776,3120250,3120250,https://4.files.edl.io/3949/04/15/22/171622-b2c66c2a-e034-4f8b-9649-48d13ab6dc86.pdf
12629680000000,Orick Elementary,Humboldt,1414,1414,5086,5086,11433,11433,17933,17933,https://orickschool.org/wp-content/uploads/2021_ESSER_III_Expenditure_Plan_Orick_Elementary_School_20220406.pdf
12629760000000,Pacific Union Elementary,Humboldt,102428,102428,424848,424848,955033,955033,1482309,1482309,https://core-docs.s3.amazonaws.com/documents/asset/uploaded_file/1837366/ESSER_III_Expenditure_Plan_2021.pdf
12629840000000,Peninsula Union,Humboldt,747,747,2539,2539,5708,5708,8994,8994,https://drive.google.com/file/d/1LnmnPM38prTJMHKjvxEn7ZHteeHivBNM/view
12630080000000,Rio Dell Elementary,Humboldt,75660,75660,346959,346959,779943,779943,1202562,1202562,https://core-docs.s3.amazonaws.com/documents/asset/uploaded_file/3947/RDESD/3271547/ESSER_III_Plan.pdf
12630240000000,Scotia Union Elementary,Humboldt,16111,16111,74948,74948,168479,168479,259538,259538,https://scotiasd.hcoe.org/wp-content/uploads/ESSERIIIPlan.pdf
12630320000000,South Bay Union Elementary,Humboldt,173044,173044,622553,622553,1399463,1399463,2195060,2195060,https://4.files.edl.io/0bc0/01/31/22/231023-b8cb41b8-e5ae-43c2-b9ae-22fb0f70e6b3.pdf
12630320111203,Alder Grove Charter School 2,Humboldt,100484,100484,397926,397926,459760,894514,958170,1392924,https://www.aldergrovecharter.org/documents/Welcome/Public-Documents/2021_ESSER_III_Expenditure_Plan_Alder_Grove_Charter_School_20220107.pdf
12630400000000,Southern Humboldt Joint Unified,Humboldt,194407,194407,660792,660792,1178482,1485421,2033681,2340620,https://www.aldergrovecharter.org/documents/Welcome/Public-Documents/2021_ESSER_III_Expenditure_Plan_Alder_Grove_Charter_School_20220107.pdf
12630570000000,Trinidad Union Elementary,Humboldt,31321,31321,111567,111567,250796,250796,393684,393684,https://4.files.edl.io/63cd/04/12/22/213810-cbbfed77-cdef-4e92-872b-31df9894bfa7.pdf
12753740000000,Ferndale Unified,Humboldt,38667,38667,252614,252614,567862,567862,859143,859143,https://core-docs.s3.amazonaws.com/documents/asset/uploaded_file/1618941/2021_ESSER_III_Expenditure_Plan_Ferndale_Unified_School_District_20211206__1_.pdf
12755150000000,Eureka City Schools,Humboldt,1163076,1163076,4829296,4829296,10855972,10855972,16848344,16848344,https://www.eurekacityschools.org/common/pages/GetFile.ashx?key=TMUDArA4
12755151230150,Pacific View Charter 2.0,Humboldt,46011,46011,182209,182209,409594,409594,637814,637814,https://f27cf3.a2cdn1.secureserver.net/wp-content/uploads/2022/04/2021_ESSER_III_Expenditure_Plan_Pacific_View_Charter_2.0_School_20220405.pdf
12768020000000,Fortuna Elementary,Humboldt,288390,288390,1222957,1222957,2749135,2749135,4260482,4260482,https://core-docs.s3.us-east-1.amazonaws.com/documents/asset/uploaded_file/3732/FESD/4424322/2022_ESSER_III_Expenditure_Plan_Fortuna_Elementary_School_District_20240604__1_.pdf
12768020124164,Redwood Preparatory Charter,Humboldt,20371,20371,75210,75210,169067,169067,264648,264648,https://www.redwoodprep.org/_files/ugd/80bb9c_7b0c116343c049299896127f3e7cf39b.pdf
13101320000000,Imperial County Office of Education,Imperial,369449,369449,1463055,1463055,3288862,3288862,5121366,5121366,https://acrobat.adobe.com/link/review?uri=urn%3Aaaid%3Ascds%3AUS%3A1000c77d-8bb2-39c7-ac77-e90ca7f12c5b
13630730000000,Brawley Elementary,Imperial,1652393,1652393,6543643,6543643,14709724,14709724,22905760,22905760,https://drive.google.com/drive/folders/1dNAia328yKlrLtjm3RrKJXaq63FgUoMk
13630810000000,Brawley Union High,Imperial,492650,492650,2384010,2384010,4904841,5359114,7781501,8235774,https://drive.google.com/file/d/1JBc3zlLj007uPRZDnr85Nh0zgTRJwyOm/view
13630990000000,Calexico Unified,Imperial,4269155,4269155,18697393,18697393,40986551,42030638,63953099,64997186,https://drive.google.com/file/d/1-yMLeOJW2gvxSWVO7T6MYbRVzXi-TR6f/view
13631070000000,Calipatria Unified,Imperial,582178,582178,1624455,2305482,4185170,5182589,6391803,8070249,https://4.files.edl.io/1345/02/14/22/193950-1d16e662-ccf6-4f4f-ac6d-e3470e1c34dc.pdf
13631150000000,Central Union High,Imperial,928169,928169,4790335,4790335,10412414,10768391,16130918,16486895,https://www.cuhsd.net/documents/General%20Information/LCFF%20and%20LCAP/ESEER/2021-2022/2021_ESSER_III_Expenditure_Plan_Central_Union_High_School_District_20220628.pdf
13631230000000,El Centro Elementary,Imperial,2021045,2021045,8260232,8260232,18568516,18568516,28849793,28849793,https://4.files.edl.io/93d1/03/17/22/154648-91f1607c-34fe-44ee-b5a6-f2826a304252.pdf
13631230118455,Ballington Academy for the Arts and Sciences,Imperial,74041,74041,293211,293211,659122,659122,1026374,1026374,https://ballingtonacademy.org/wp-content/uploads/2021/10/ESSER-III-PLAN-FINAL-OnlyPlan-El-Centro.pdf
13631310000000,Heber Elementary,Imperial,258972,258972,1098562,1098562,2469503,2469503,3827037,3827037,https://core-docs.s3.amazonaws.com/documents/asset/uploaded_file/1744904/HESD_ESSER_III_Expenditure_Plan__2021-2022_Dec_10__2021_Revised.pdf
13631490000000,Holtville Unified,Imperial,648953,648953,2505175,2505175,4713860,5631485,7867988,8785613,https://husd.net/documents/358/2021_ESSER_III_Expenditure_Plan_Holtville_Unified_School_District_20211116.pdf
13631640000000,Imperial Unified,Imperial,413911,413911,1760445,1760445,3957377,3957377,6131733,6131733,https://drive.google.com/file/d/1BoxSMvqGfAlm5x7QVKpehniy47C3BYYQ/view
13631800000000,McCabe Union Elementary,Imperial,128688,128688,706902,706902,1589073,1589073,2424663,2424663,https://web.archive.org/web/20220628221156/https://www.muesd.net/apps/pages/index.jsp?uREC_ID=2671755&type=d&pREC_ID=2279940&tota11y=true
13632140000000,San Pasqual Valley Unified,Imperial,351906,351906,1796515,1796515,3795889,4038460,5944310,6186881,https://www.spvusd.org/_global-documents/2021_ESSER_III_Expenditure_Plan_FINAL.pdf
13632220000000,Seeley Union Elementary,Imperial,148715,148715,588927,588927,1052233,1323873,1789875,2061515,https://www.seeleyusd.org/Page/2226
13632300000000,Westmorland Union Elementary,Imperial,212189,212189,840292,840292,1888927,1888927,2941408,2941408,https://core-docs.s3.us-east-1.amazonaws.com/documents/asset/uploaded_file/4225/Westmorland_Union_Elementary_SD/3481824/x_b_esser_iii_expenditure_plan_2021_updated_20231210.pdf
14101400117994,YouthBuild Charter School of California,Inyo,95464,95464,428244,428244,962668,962668,1486376,1486376,https://www.youthbuildcharter.org/ourpages/auto/2021/9/13/37733322/ESSER%203%20Expenditure%20Plan%20Final.pdf
14101400128447,The Education Corps,Inyo,1299,1299,4934,4934,11091,11091,17324,17324,https://www.laedcorps.org/uploads/6/2/5/9/62593335/the_education_corps_esseriiiexpenditureplan.pdf
14101400128454,College Bridge Academy,Inyo,81892,81892,338830,338830,761670,761670,1182392,1182392,https://www.laedcorps.org/uploads/6/2/5/9/62593335/college_bridge_academy_esseriiiexpenditureplan.pdf
14632480000000,Big Pine Unified,Inyo,49143,49143,166976,166976,375352,375352,591471,591471,
14632710000000,Death Valley Unified,Inyo,17091,17091,91288,91288,205211,205211,313590,313590,https://www.deathvalleyschools.org/_files/ugd/bd5457_ff2fc371cef14e96bde63286025dc6d5.pdf
14632890000000,Lone Pine Unified,Inyo,85697,85697,339370,339370,679555,762884,1104622,1187951,
14633050000000,Round Valley Joint Elementary,Inyo,1265,1265,4298,4298,9661,9661,15224,15224,https://roundvalleyelementary.com/wp-content/uploads/2022/01/American-Rescue-Plan-Act-Elementary-And-Secondary-School-Relief-Fund-ESSER-III.pdf
14766870000000,Bishop Unified,Inyo,240861,240861,953836,953836,2144167,2144167,3338864,3338864,https://core-docs.s3.amazonaws.com/documents/asset/uploaded_file/2002897/2021_ESSER_III_Expenditure_Plan_Bishop_Unified_School_District_20220207__1_.pdf
15101570000000,Kern County Office of Education,Kern,1243330,1243330,4923713,4923713,11068217,11068217,17235260,17235260,https://web.archive.org/web/20220517074137/https://kern.org/wp-content/blogs.dir/4/files/sites/4/2022/04/KCSOS-ESSER-III-Expenditure-Plan-Final-Submitted-to-Board-101221-KCSOS1.pdf
15101570119669,Wonderful College Prep Academy,Kern,409613,409613,1973004,1973004,4435196,4435196,6817813,6817813,https://static1.squarespace.com/static/54c2a6a1e4b02be7439e1039/t/617ae4135c9197767110c4db/1635443731640/ESSER+III+Expenditure+Plan+-+Delano.pdf
15101570124040,Grow Academy Arvin,Kern,243878,243878,965781,965781,2171019,2171019,3380678,3380678,https://www.gaarvin.org/_files/ugd/2f2123_daeb92c72e154804839b0aa9844a42f7.pdf
15101570135467,Wonderful College Prep Academy - Lost Hills,Kern,96283,96283,381289,381289,857116,857116,1334688,1334688,https://static1.squarespace.com/static/54c2a6a1e4b02be7439e1039/t/617ae42610e76f4bb9b2006e/1635443750375/ESSER+III+Expenditure+Plan+-+Lost+Hills.pdf
15101571530500,"Ridgecrest Elementary Academy for Language, Music, and Science",Kern,49734,49734,196953,196953,442739,442739,689426,689426,https://drive.google.com/file/d/1kgJKpN9KmIX49q24WOvhNo6mPtgNzvGw/view
15633130000000,Arvin Union,Kern,1455347,1455347,6176307,6176307,12582129,13883976,20213783,21515630,https://resources.finalsite.net/images/v1648651774/arvinschoolscom/mpyncpj2urn1h5gv4yun/novemberrevision_esser_iii_expenditure_plan_arvin_union_school_district_20211110.pdf
15633210000000,Bakersfield City,Kern,15172585,15172585,62442982,62442982,91646741,140368150,169262308,217983717,https://go.boarddocs.com/ca/bcsdca/Board.nsf/files/C9D2PJ0325E4/$file/ESSER%20III%20Expenditures%20Plan%20Update%20November%2016%2C%202021.pdf
15633390000000,Beardsley Elementary,Kern,755406,755406,3907676,3907676,8784226,8784226,13447308,13447308,https://4.files.edl.io/75da/01/06/23/191514-905a1bc6-9e65-4f3e-83aa-de0ea63716bd.pdf
15633470000000,Belridge Elementary,Kern,803,804,0,2893,0,0,803,3697,
15633620000000,Panama-Buena Vista Union,Kern,3744442,3744442,15632595,15632595,35141153,35141153,54518190,54518190,
15633700000000,Buttonwillow Union Elementary,Kern,153844,153844,766938,766938,1724031,1724031,2644813,2644813,https://core-docs.s3.amazonaws.com/documents/asset/uploaded_file/1852076/2021_ESSER_III_Plan_Board_Approved_V2.pdf
15633880000000,Caliente Union Elementary,Kern,29674,29674,117510,117510,264156,264156,411340,411340,
15634040000000,Delano Union Elementary,Kern,3647253,3647253,14443490,14443490,25640497,32468116,43731240,50558859,https://www.duesd.org/Page/858
15634120000000,Delano Joint Union High,Kern,1735384,1735384,6613707,6698884,7176018,15058697,15525109,23492965,https://www.djuhsd.org/domain/1476
15634200000000,Di Giorgio Elementary,Kern,114301,114301,452645,452645,1017518,1017518,1584464,1584464,https://web.archive.org/web/20211202071810/https://digiorgio.k12.ca.us/wp-content/uploads/2021/10/ESSER-III-Template-Di-Giorgio.pdf
15634380000000,Edison Elementary,Kern,326342,326342,1292349,1292349,2905125,2905125,4523816,4523816,
15634460000000,Elk Hills Elementary,Kern,943,943,3734,3734,8395,8395,13072,13072,https://drive.google.com/file/d/1kXPSF2oi8Tt_4gG14gwkkJT7LuZOBiAg/view
15634610000000,Fairfax Elementary,Kern,795605,795605,3779551,3779551,8496208,8496208,13071364,13071364,https://www.fcps.edu/system/files/forms/2023-06/260-22a_-_may_2023.pdf
15634790000000,Fruitvale Elementary,Kern,381239,381239,1509744,1509744,3393815,3393815,5284798,5284798,https://4.files.edl.io/82e5/02/01/22/190155-f9fe7b1d-28c2-42a0-a7af-ad32d878e17d.pdf
15634870000000,General Shafter Elementary,Kern,34485,34720,137496,137496,309084,309084,481065,481300,
15635030000000,Greenfield Union,Kern,3099493,3099493,12274305,12274305,27591916,27591916,42965714,42965714,https://4.files.edl.io/f94e/12/15/21/213050-5ef4805c-f894-44e7-8566-f1a49341c8ed.pdf
15635290000000,Kern High,Kern,11461697,11461697,47342660,47410717,84121936,106576501,142926293,165448915,https://4.files.edl.io/4c49/02/01/22/002110-dce2f969-b2c5-438d-9e88-95072b4d0794.pdf
15635450000000,Kernville Union Elementary,Kern,364278,364278,1442578,1442578,2954845,3242831,4761701,5049687,https://files.smartsites.parentsquare.com/5068/esser_iii_plan__final_11321.pdf
15635520000000,Lakeside Union,Kern,225307,225307,892240,892240,2005702,2005702,3123249,3123249,https://www.lakesideusd.org/cms/lib/CA01902501/Centricity/Domain/4/2021_ESSER_III_Expenditure_Plan_Lakeside_Union_School_District_20211004.pdf
15635600000000,Lamont Elementary,Kern,1351376,1351376,5646046,5646046,11966043,12691980,18963465,19689402,https://simbli.eboardsolutions.com/meetings/TempFolder/Meetings/2021_ESSER_III_Expenditure_Plan_Lamont_Elementary_School_District_20211023_1799793lrhzc2qhfhg25e1svpha04p.pdf
15635780000000,Richland Union Elementary,Kern,1188570,1188570,4923781,4923781,10589017,11068369,16701368,17180720,https://4.files.edl.io/eef6/02/02/22/224431-58c07f7f-4210-4a10-b1e3-4421492f637d.pdf
15635780135186,Grow Academy Shafter,Kern,143106,143106,609853,609853,1370913,1370913,2123872,2123872,https://www.gashafter.org/_files/ugd/2f2123_c0d8b7764e9341b496a2a4a5548c3ded.pdf
15635860000000,Linns Valley-Poso Flat Union,Kern,32098,32098,134070,134070,301382,301382,467550,467550,https://linnsvalleyschooldistrict.org/wp-content/uploads/2022/02/2021_ESSER_III_Expenditure_Plan_Linns_Valley-Poso_Flat_Elementary_School_20220221.pdf
15635940000000,Lost Hills Union Elementary,Kern,160472,160472,621271,621271,1296313,1396581,2078056,2178324,https://core-docs.s3.amazonaws.com/documents/asset/uploaded_file/1992914/Lost_Hills_ESSER_III_Plan_.pdf
15636100000000,Maple Elementary,Kern,20675,20675,79162,79162,177952,177952,277789,277789,
15636280000000,Maricopa Unified,Kern,113227,113227,448391,448391,1004250,1007956,1565868,1569574,
15636280127209,Insight School of California,Kern,62863,85947,307716,309206,551472,695078,922051,1090231,
15636280137687,California Virtual Academy at Maricopa,Kern,313931,327612,532245,1178634,270737,2649501,1116913,4155747,
15636690000000,Midway Elementary,Kern,17093,17093,70902,70902,159383,159383,247378,247378,
15636770000000,Mojave Unified,Kern,1419529,1419529,6291090,6291090,9721832,14142000,17432451,21852619,https://simbli.eboardsolutions.com/meetings/TempFolder/Meetings/ESSER%20III%20Expenditure%20Plan_1796793lrhzc2qhfhg25e1svpha04p.pdf
15636850000000,Muroc Joint Unified,Kern,380549,380549,1507013,1507013,3387677,3387677,5275239,5275239,https://www.muroc.k12.ca.us/district_information
15637190000000,Pond Union Elementary,Kern,79940,79940,316572,316572,711636,711636,1108148,1108148,https://www.pond.k12.ca.us/files/user/1/file/2021_ESSER_III_ExpenditurePlan.pdf
15637500000000,Rosedale Union Elementary,Kern,417042,417042,1948654,1948654,4380459,4380459,6746155,6746155,https://core-docs.s3.amazonaws.com/documents/asset/uploaded_file/3280/RUESD/2649053/2021_ESSER_III_Expenditure_Plan_Rosedale_Union_Elementary_School_District_20211208.pdf
15637680000000,Semitropic Elementary,Kern,18809,18809,70367,70367,158182,158182,247358,247358,https://core-docs.s3.amazonaws.com/documents/asset/uploaded_file/2016359/ESSER_III_BA_Semitropic.pdf
15637760000000,Southern Kern Unified,Kern,992591,992591,3991228,3991228,8701831,8972045,13685650,13955864,https://www.skusd.k12.ca.us/site/handlers/filedownload.ashx?moduleinstanceid=2968&dataid=4401&FileName=esseriiiexpenditureplan.pdf
15637840000000,South Fork Union,Kern,112077,112077,436641,436641,974043,981543,1522761,1530261,https://core-docs.s3.amazonaws.com/documents/asset/uploaded_file/1652689/ESSR_III_Expenditure_Plan.pdf
15637920000000,Standard Elementary,Kern,890913,890913,4079094,4079094,8428869,9169564,13398876,14139571,https://drive.google.com/file/d/1mCX-HRcQAc2o-TyPqjSUlkUkZVSxlLJM/view
15638000000000,Taft City,Kern,823485,823485,3468346,3468346,7796637,7796637,12088468,12088468,
15638180000000,Taft Union High,Kern,264334,264334,1114355,1114355,2505004,2505004,3883693,3883693,https://go.boarddocs.com/ca/taft/Board.nsf/files/C7TTBN74E658/$file/2021_ESSER_III_Expenditure_Plan_Taft_Union_High_School_District_20211015%20(3).pdf
15638260000000,Tehachapi Unified,Kern,837137,837137,3630037,3630037,8160110,8160110,12627284,12627284,https://drive.google.com/file/d/18RMA-BP9X7eMTxbgJBeGKX4WeMlO7JGy/view
15638340000000,Vineland Elementary,Kern,429330,429330,1700191,1700191,3821930,3821930,5951451,5951451,
15638420000000,Wasco Union Elementary,Kern,1727227,1727227,6839993,6839993,12478790,15375903,21046010,23943123,https://4.files.edl.io/21e9/07/11/23/174638-f4d39c79-f8a9-4a95-9582-32de102ce17a.pdf
15638590000000,Wasco Union High,Kern,542314,542314,2147620,2147620,4827723,4827723,7517657,7517657,https://4.files.edl.io/662a/01/25/22/191046-cfd4dcda-7180-42e3-ac0e-f684d6e833fd.pdf
15735440000000,Rio Bravo-Greeley Union Elementary,Kern,153172,153172,551368,551368,1239442,1239442,1943982,1943982,
15737420000000,Sierra Sands Unified,Kern,1495179,1495179,5921062,5921062,13235196,13310199,20651437,20726440,https://cdnsm5-ss8.sharpschool.com/UserFiles/Servers/Server_116651/File/Business%20Services%20Files/21-22/2021%20SSUSD%20Board%20Approved%20ESSER%20III%20Expenditure%20Plan.pdf
15739080000000,McFarland Unified,Kern,1624590,1624590,4813460,6433541,12447499,14462222,18885549,22520353,https://www.mcfarlandusd.com/files/user/3306/file/2021_ESSER_III_Expenditure_Plan_McFarland_Unified_School_District_20220201.pdf
15751680000000,El Tejon Unified,Kern,290970,290970,1347574,1347574,3029267,3029267,4667811,4667811,
16638750000000,Armona Union Elementary,Kings,273238,273238,1048219,1048219,2356336,2356336,3677793,3677793,https://drive.google.com/file/d/15VW2eJzKj6DMO21ktJKyFeSqecll3YGc/view
16638750112698,California Virtual Academy at Kings,Kings,79692,79692,189205,315589,499620,709426,768517,1104707,
16638830000000,Central Union Elementary,Kings,342647,342647,1234803,1234803,2775765,2775765,4353215,4353215,https://cdnsm5-ss2.sharpschool.com/UserFiles/Servers/Server_4550549/File/ESSER/2021%20ESSER%20III%20Expenditure%20Plan%20CUSD.pdf
16638910000000,Corcoran Joint Unified,Kings,1210922,1210922,5545103,5564043,12507642,12507642,19263667,19282607,https://tb2cdn.schoolwebmasters.com/accnt_277311/site_292030/Documents/ESSER-III-Expenditure-Plan.pdf
16639170000000,Hanford Elementary,Kings,1889482,1889482,7482540,7482540,16548864,16820310,25920886,26192332,https://resources.finalsite.net/images/v1658861807/hesdk12caus/w0nr0wj9euxoaqv5g683/HESDESSERIIIPlanUpdatedJuly262022.pdf
16639250000000,Hanford Joint Union High,Kings,821970,821970,3255086,3255086,7317243,7317243,11394299,11394299,https://drive.google.com/file/d/1nYiBcUYfdc7Zo0uXrpL4-4kCamj06A8A/view
16639330000000,Island Union Elementary,Kings,52434,52434,196373,196373,441435,441435,690242,690242,https://web.archive.org/web/20220118153058/https://www.island.k12.ca.us/cms/lib/CA50000514/Centricity/Domain/57/2021%20ESSER%20III%20Expenditure%20Plan%20Island%20Elementary_School__20211214.pdf
16639410000000,Kings River-Hardwick Union Elementary,Kings,52508,52508,207936,207936,192268,467428,452712,727872,
16639580000000,Kit Carson Union Elementary,Kings,67462,67462,319252,319252,708772,717660,1095486,1104374,https://ca02217589.schoolwires.net/cms/lib/CA02217589/Centricity/Domain/13/ESSER%20III%20expenditure%20plan1.pdf
16639660000000,Lakeside Union Elementary,Kings,195961,195961,770587,770587,1628361,1732235,2594909,2698783,https://lakeside.k12.ca.us/files/user/24/file/2021_ESSER_III_Expenditure_Plan_Lakeside_Elementary_School_Board_Approved_10_19_2021.pdf
16639740000000,Lemoore Union Elementary,Kings,638826,638826,2889872,2889872,6496263,6496263,10024961,10024961,https://core-docs.s3.us-east-1.amazonaws.com/documents/asset/uploaded_file/430/LUESD/4827026/ESSER_Plan.pdf
16639820000000,Lemoore Union High,Kings,422135,422135,1671699,1671699,3757882,3757882,5851716,5851716,https://4.files.edl.io/351c/12/14/21/214315-c848b5cf-c511-47e2-8f51-15d02736bfcd.pdf
16639900000000,Pioneer Union Elementary,Kings,300572,300572,1021760,1021760,2296857,2296857,3619189,3619189,https://drive.google.com/file/d/1DX0MPR2IZfq12gjgT1_fbyzO4YsDdq_G/view
16739320000000,Reef-Sunset Unified,Kings,1058301,1058301,4034704,4034704,9069777,9069777,14162782,14162782,https://core-docs.s3.amazonaws.com/documents/asset/uploaded_file/2005531/2021_ESSER_III_Expenditure_Plan_Reef-Sunset_Unified_School_District_20220412.pdf
17101730000000,Lake County Office of Education,Lake,30193,30193,114658,114658,257744,257744,402595,402595,https://www.lakecoe.org/about/covid-19/esser-iii-expenditure-plan
17640140000000,Kelseyville Unified,Lake,479157,479157,1987221,1987221,4467155,4467155,6933533,6933533,https://campussuite-storage.s3.amazonaws.com/prod/1559199/b03eafca-858f-11ee-82bd-02687dedac45/2742700/6dacb676-cc15-11ee-8a72-0a58a9feac02/file/VIII%204_%20KVUSD%20ARP%20ESSER%20III%20Expenditure%20Plan.pdf
17640220000000,Konocti Unified,Lake,1414316,1414316,5600835,5600835,10775316,12590347,17790467,19605498,https://simbli.eboardsolutions.com/meetings/TempFolder/Meetings/KUSD%20ESSER%20III%20Expenditure%20Plan_1793803lrhzc2qhfhg25e1svpha04p.pdf
17640300000000,Lakeport Unified,Lake,395545,395545,1436063,1436063,3228185,3228185,5059793,5059793,https://go.boarddocs.com/ca/lakeport/Board.nsf/files/C7J2DC01A569/$file/ESSER%20III%20Plan.pdf
17640480000000,Lucerne Elementary,Lake,95704,95704,378997,378997,377344,851964,852045,1326665,https://core-docs.s3.us-east-1.amazonaws.com/documents/asset/uploaded_file/1717/LESD/3710199/Updated_ESSER_Plan_11012023.pdf
17640550000000,Middletown Unified,Lake,246045,246045,974363,974363,2190311,2190311,3410719,3410719,https://drive.google.com/file/d/1tinSDwfNIvblN9TqMGkVE1IT0Ga8564w/view
17640550108340,Lake County International Charter,Lake,23638,23638,85040,85040,191164,191164,299842,299842,http://www.lcics.org/
17769760000000,Upper Lake Unified,Lake,270156,270156,1120543,1120543,2518914,2518914,3909613,3909613,https://www.ulusd.org/ourpages/auto/2021/12/21/52597108/ESSER%20III%20Expenditure%20Plan.pdf?rnd=1640112751762
18640890000000,Big Valley Joint Unified,Lassen,32349,32349,109915,109915,244304,247083,386568,389347,https://www.bigvalleyschool.org/documents/Public%20Documents/2021-2022/2021_ESSER_III_Expenditure_Plan_BVJUSD.12.13.21.pdf
18641050000000,Janesville Union Elementary,Lassen,49204,49204,221782,221782,498552,498552,769538,769538,https://web.archive.org/web/20220704160136/http://www.janesvilleschool.org/documents/District/LCAP/2021_ESSER_III_Expenditure_Plan_Janesville_Elementary_School-DRAFT.pdf
18641130000000,Johnstonville Elementary,Lassen,20914,20914,71163,71163,143470,159970,235547,252047,https://www.johnstonville.org/documents/District/2021_ESSER_III_Expenditure_Plan_Johnstonville_Elementary_School_20211005.pdf
18641390000000,Lassen Union High,Lassen,112651,112651,441140,441140,991656,991656,1545447,1545447,https://lcoe-my.sharepoint.com/personal/lhs_web_lassenhigh_org/_layouts/15/onedrive.aspx?id=%2Fpersonal%2Flhs%5Fweb%5Flassenhigh%5Forg%2FDocuments%2F2023%2024%20Web%2FESSER%20III%20PLAN%2Epdf&parent=%2Fpersonal%2Flhs%5Fweb%5Flassenhigh%5Forg%2FDocuments%2F2023%2024%20Web&ga=1
18641880000000,Shaffer Union Elementary,Lassen,40235,40235,159336,159336,358179,358179,557750,557750,https://www.shafferschool.com/documents/District/ESSER%20III%20Expenditure%20Plan/2021_ESSER_III_Expenditure_Plan_Shaffer_Elementary_School_20211014-3.pdf
18641960000000,Susanville Elementary,Lassen,308819,308819,1222955,1222955,2749131,2749131,4280905,4280905,https://www.susanvillesd.org/documents/2021_ESSER_III_Expenditure_Plan_Susanville_Elementary_School_District_20211213.pdf
18641960135756,Thompson Peak Charter,Lassen,28278,28278,111983,111983,251731,251731,391992,391992,https://www.longvalleycs.org/documents/LCAP/ESSER-III-PLan-Web-TPC.pdf
18642040000000,Westwood Unified,Lassen,65413,65413,235332,235332,503930,529012,804675,829757,https://www.westwoodusd.org/documents/COVID/ARP/ESSER-III-New.pdf
18750360000000,Fort Sage Unified,Lassen,18208,18208,109300,109300,245699,245699,373207,373207,https://www.fortsage.org/documents/Finance--Business/Local-Control-and-Accountability-Plans/2021-2022/ESSER-III-Expenditure-Plan.pdf
18750366010763,Long Valley,Lassen,42682,42682,169023,169023,379955,379955,591660,591660,https://www.longvalleycs.org/documents/LCAP/ESSER-III-Plan-Web-LVS.pdf
19101990000000,Los Angeles County Office of Education,Los Angeles,3992312,3992312,15809962,15809962,35224795,35539865,55027069,55342139,https://www.lacoe.edu/content/dam/lacoeedu/documents/educationalprograms/lacoe-schools/plans-reports/LACOE%20-%20ESSER%20III%20Expenditure%20Plan.pdf
19101990100776,North Valley Military Institute College Preparatory Academy,Los Angeles,216332,216332,910252,910252,2046192,2046192,3172776,3172776,https://files.gabbart.com/2396/esser_iii_expenditure_plan_nvmi.pdf
19101990106880,Jardin de la Infancia,Los Angeles,14765,14765,5453,5453,12258,12258,32476,32476,https://9afe1423-8ddf-47af-92a5-babab133a9fa.filesusr.com/ugd/c7690d_058e14dcd6654e64965baa3173a76db4.pdf
19101990109660,Aspire Antonio Maria Lugo Academy,Los Angeles,182002,182002,671538,671538,1509578,1509578,2363118,2363118,
19101990112128,Aspire Ollin University Preparatory Academy,Los Angeles,221460,221460,877003,877003,1971452,1971452,3069915,3069915,
19101990115030,Magnolia Science Academy 3,Los Angeles,132046,132046,502722,502722,1130088,1130088,1764856,1764856,https://www.magnoliapublicschools.org/ourpages/auto/2021/9/9/63010704/MSA-3%20ESSER%20III%20Expenditure%20Plan.pdf?rnd=1635808131229
19101990115212,Magnolia Science Academy 2,Los Angeles,160145,160145,600540,600540,1349977,1349977,2110662,2110662,https://www.magnoliapublicschools.org/ourpages/auto/2021/9/9/63010704/MSA-2%20ESSER%20III%20Expenditure%20Plan.pdf?rnd=1635808131198
19101990127498,Environmental Charter Middle - Inglewood,Los Angeles,99973,99973,425357,425357,956177,956177,1481507,1481507,https://ecsonline.org/wp-content/uploads/2021/11/ECS-ESSER-III-Expenditure-Plans-Revised-December-2021.pdf
19101990127522,Optimist Charter,Los Angeles,0,0,NA,NA,NA,NA,0,0,
19101990128025,Lashon Academy,Los Angeles,105011,105011,472282,472282,1061661,1061661,1638954,1638954,https://lashonacademy.org/wp-content/uploads/2021/10/Lashon-Academy-esseriiiexpenditureplan.pdf
19101990132605,Valiente College Preparatory Charter,Los Angeles,36738,36738,227343,227343,511053,511053,775134,775134,https://4.files.edl.io/1816/04/15/22/225519-f8ea0576-0fb7-40a6-8627-a2e3f536d066.pdf
19101990134346,Intellectual Virtues Academy,Los Angeles,17713,17713,84414,84414,189758,189758,291885,291885,https://drive.google.com/file/d/1PCULdrWKj9tLeiwJv2kzYd7rv0dg62X5/view
19101990134361,Russell Westbrook Why Not? Middle,Los Angeles,75763,75763,300030,300030,674450,674450,1050243,1050243,https://web.archive.org/web/20220516094414/https://russellwestbrookwhynotms.org/wp-content/uploads/2021/10/REVISED-RWWNMS-ESSER-III-EP.pdf
19101990136119,Animo City of Champions Charter High,Los Angeles,103172,103172,412286,412286,926794,926794,1442252,1442252,
19101990137166,Soleil Academy Charter,Los Angeles,47573,47573,190107,190107,427350,427350,665030,665030,https://static1.squarespace.com/static/614b7752b02e20732e65bf7d/t/6255bdafca73fb6717f24907/1649786299598/ESSER+III+Expenditure+Plan-rev.pdf
19101990137679,Magnolia Science Academy 5,Los Angeles,71429,71429,325859,325859,732512,732512,1129800,1129800,https://www.magnoliapublicschools.org/ourpages/auto/2021/9/9/63010704/MSA-5%20ESSER%20III%20Expenditure%20Plan.pdf?rnd=1635808131401
19101990138669,Da Vinci RISE High,Los Angeles,33966,33966,135729,135729,305111,305111,474806,474806,https://www.davincischools.org/wp-content/uploads/2022/04/2021-ESSER-III-Expenditure-Plan-DVLAC-RISE-High.pdf
19101990139345,We the People High,Los Angeles,0,0,43971,43971,98844,98844,142815,142815,https://wethepeopleps.org/wp-content/uploads/2022/04/WTPHS_ESSER-III_Plan_Approved-10_25_2021_Rev-1_18_2022.pdf
19101996116883,Odyssey Charter,Los Angeles,35824,35824,142944,142944,321330,321330,500098,500098,https://drive.google.com/file/d/1R9Zql4LthSMZgJO5sdmCCy08F_S2Ez2A/view
19101996119945,Magnolia Science Academy,Los Angeles,175814,175814,745286,745286,1675360,1675360,2596460,2596460,https://www.magnoliapublicschools.org/ourpages/auto/2021/9/9/63010704/MSA-1%20ESSER%20III%20Expenditure%20Plan.pdf?rnd=1635808131042
19642120000000,ABC Unified,Los Angeles,2663029,2663029,10545866,10545866,23706485,23706485,36915380,36915380,https://4.files.edl.io/4a17/10/19/21/224645-670d7419-640a-43be-9798-de44b792742e.pdf
19642460000000,Antelope Valley Union High,Los Angeles,6611918,6611918,26183867,26183867,58551478,58859791,91347263,91655576,https://resources.finalsite.net/images/v1694814010/avdistrictorg/hnce3eazehlf1mpa0jq3/ESSER_III_Expenditure_Plan_AVUHSDistrict.pdf
19642610000000,Arcadia Unified,Los Angeles,827750,827750,3277973,3277973,7368691,7368691,11474414,11474414,https://4.files.edl.io/6f76/01/18/22/213143-8663998f-d351-44aa-879a-1032e670891c.pdf
19642790000000,Azusa Unified,Los Angeles,2477547,2477547,9811338,9811338,16512445,22055310,28801330,34344195,https://resources.finalsite.net/images/v1685612237/azusaorg/w3owfqjcssan96bpo7hi/esser_iii_plan.pdf
19642870000000,Baldwin Park Unified,Los Angeles,3774970,3774970,14949264,14949264,28672411,33605065,47396645,52329299,https://www.bpusd.net/apps/pages/index.jsp?uREC_ID=832430&type=d&pREC_ID=2262501
19642950000000,Bassett Unified,Los Angeles,1047149,1047149,4146817,4146817,9321801,9321801,14515767,14515767,https://4.files.edl.io/4010/10/27/21/182522-ead56bfb-cff8-4a3b-9d9f-79892de4f886.pdf
19643030000000,Bellflower Unified,Los Angeles,2733761,2733761,10825970,10825970,19401505,24336144,32961236,37895875,https://web.archive.org/web/20220124040633/https://www.busd.k12.ca.us/cms/lib/CA02204429/Centricity/Domain/4164/ESSER%20III%20Plan.pdf
19643110000000,Beverly Hills Unified,Los Angeles,467658,467658,1851973,1851973,4163127,4163127,6482758,6482758,https://4.files.edl.io/bb1b/03/31/22/164636-b8981dfb-6803-4bb2-a308-6a0d5cb0363b.pdf
19643290000000,Bonita Unified,Los Angeles,701995,701995,2779970,2779970,6249208,6249208,9731173,9731173,https://do.bonita.k12.ca.us/documents/Bonita-USD-ESSER-III.pdf
19643370000000,Burbank Unified,Los Angeles,1415491,1415491,5605487,5605487,12600074,12600804,19621052,19621782,https://www.burbankusd.org/cms/lib/CA50000426/Centricity/Domain/60/Ratification_of_BUSD_Elem_and_Secondary_Emergency_Relief_Plan_ESSER_III_Plan_10_21_21.pdf
19643450000000,Castaic Union,Los Angeles,225906,225906,797484,797484,1792697,1792697,2816087,2816087,https://4.files.edl.io/9fd8/04/05/22/160337-c3575733-ef6c-493a-a3e4-e7911f2a0f9e.pdf
19643520000000,Centinela Valley Union High,Los Angeles,1933463,1933463,7656709,7656709,17211830,17211830,26802002,26802002,https://4.files.edl.io/f764/04/14/22/144649-f37b7e4d-f671-43b5-8139-63ba220efd18.pdf
19643780000000,Charter Oak Unified,Los Angeles,685847,685847,2680894,2680894,6026492,6026492,9393233,9393233,https://drive.google.com/file/d/1yxCE03tH8GTd1q573DdPYUR4Ck2qSG-U/view
19643940000000,Claremont Unified,Los Angeles,615952,615952,2611877,2611877,5871347,5871347,9099176,9099176,https://web.archive.org/web/20220122205803/https://claremont-ca.schoolloop.com/file/1516177776166/1315636827829/2260770329755534121.pdf
19644360000000,Covina-Valley Unified,Los Angeles,1916696,1916696,7590313,7590313,14569784,17062576,24076793,26569585,https://www.c-vusd.org/Page/4751
19644440000000,Culver City Unified,Los Angeles,330013,330013,1295679,1295679,2912611,2912611,4538303,4538303,https://drive.google.com/file/d/12IZG6JmK879e6VU_UyjmHN7vF8IBFDHi/view
19644510000000,Downey Unified,Los Angeles,4013739,4013739,15894815,15894815,35730608,35730608,55639162,55639162,
19644690000000,Duarte Unified,Los Angeles,749223,749223,2967000,2967000,6669641,6669641,10385864,10385864,https://www.agendaonline.net/PUBLIC/Meeting.aspx?AgencyID=1258&MeetingID=27864&AgencyTypeID=1&IsArchived=True
19644690134858,California School of the Arts - San Gabriel Valley,Los Angeles,40741,40741,181063,181063,407018,407018,628822,628822,https://sgv.csarts.net/Portals/0/PDFs/General%20Info/CSARTSSGV%20esseriiiexpenditureplan%20(1).docx%20-%20Google%20Docs.pdf?ver=2022-04-13-134437-140
19644770000000,Eastside Union Elementary,Los Angeles,1213035,1213035,4928576,4928576,10726436,11079150,16868047,17220761,https://go.boarddocs.com/ca/eastside/Board.nsf/goto?open&id=C7QQPV69AF09
19644850000000,East Whittier City Elementary,Los Angeles,932586,932586,3684738,3684738,8283074,8283074,12900398,12900398,https://4.files.edl.io/399b/11/09/21/230124-4294a8d8-586a-4f7c-aa31-2c010d627ed7.pdf
19645010000000,El Monte City,Los Angeles,2951163,2951163,11371443,11371443,25562334,25562334,39884940,39884940,https://www.emcsd.org/apps/pages/index.jsp?uREC_ID=1557647&type=d&pREC_ID=1683268&tota11y=true
19645190000000,El Monte Union High,Los Angeles,2501533,2501533,9906325,9906325,22268835,22268835,34676693,34676693,https://www.emuhsd.org/site/handlers/filedownload.ashx?moduleinstanceid=694&dataid=13981&FileName=ESSER%20III%20EMUHSD%20Board%20Approved%20Plan%20rvsd1.5.22.pdf
19645270000000,El Rancho Unified,Los Angeles,1860809,1860809,7368993,7368993,14139679,16565062,23369481,25794864,https://4.files.edl.io/e743/01/12/22/230336-4b1a2ff3-fbc9-4e7c-82b4-5acddb048107.pdf
19645350000000,El Segundo Unified,Los Angeles,251788,251788,954737,954737,2146192,2146192,3352717,3352717,https://drive.google.com/file/d/1vGlolZWfYTsTdyRUh3sWs77BFtwQIkud/view
19645500000000,Garvey Elementary,Los Angeles,1964366,1964366,7779090,7779090,17225686,17486937,26969142,27230393,
19645680000000,Glendale Unified,Los Angeles,5240294,5240294,20752097,20752097,46649493,46649493,72641884,72641884,https://web.archive.org/web/20221209190955/https://www.gusd.net/cms/lib/CA01000648/Centricity/Domain/4630/GUSD%20ESSER%20III%20Expenditure%20Plan%20REVISION%2001-24-2022.pdf
19645760000000,Glendora Unified,Los Angeles,498035,498035,1972269,1972269,4433544,4433544,6903848,6903848,https://drive.google.com/file/d/1ju7YbuzV3mBQlMvXd_FUWK-ztdN4P2JJ/view
19645841996305,Gorman Learning Center,Los Angeles,273440,273440,546770,809613,1819962,1819962,2640172,2903015,https://gormanlcn.org/wp-content/uploads/2023/01/ESSER-III-LEA-Plan-2021-22-GLC-Final-Revision.pdf
19645920000000,Hawthorne,Los Angeles,2602102,2602102,10212953,10212953,22958117,22958117,35773172,35773172,https://resources.finalsite.net/images/v1684963844/hawthornek12caus/rv5yzmeegeiq4iec266s/5347287928864142067.pdf
19646260000000,Hughes-Elizabeth Lakes Union Elementary,Los Angeles,35479,35479,128846,128846,289638,289638,453963,453963,https://web.archive.org/web/20230606110006/https://img1.wsimg.com/blobby/go/cd23a029-f84b-4655-a7c7-b2f61a25d251/ESSER%20III%20Expenditure%20%20Plan.pdf
19646340000000,Inglewood Unified,Los Angeles,5309099,5309099,20694250,20694250,46496623,46519456,72499972,72522805,https://drive.google.com/file/d/1Nh94_GqXzBgmtRirN-nT1R8ExgbnUL-i/view
19646340101667,Wilder's Preparatory Academy Charter,Los Angeles,99136,99136,392587,392587,882513,882513,1374236,1374236,https://4.files.edl.io/40d2/10/22/21/172804-ed95d1ba-e3f1-48fe-a3d0-0141f6d960b9.pdf
19646340116822,Wilder's Preparatory Academy Charter Middle,Los Angeles,45118,45118,186676,186676,419637,419637,651431,651431,https://4.files.edl.io/c5e1/10/22/21/172803-864256dd-7c9c-4b97-8cf4-c63e443036b6.pdf
19646340119552,Today's Fresh Start Charter School Inglewood,Los Angeles,0,500,NA,NA,NA,NA,0,500,
19646340120303,ICEF Inglewood Elementary Charter Academy,Los Angeles,149931,149931,555896,555896,1249621,1249621,1955448,1955448,https://4.files.edl.io/9f73/01/17/22/013026-3655f86c-abbb-44c6-a629-c50d1c215a36.pdf
19646340128991,Grace Hopper STEM Academy,Los Angeles,36898,36898,137674,137674,309484,309484,484056,484056,https://www.gracehopperstemacademy.org/esser-iii-expenditure-plan
19646341996586,Animo Inglewood Charter High,Los Angeles,219711,219711,870079,870079,1955886,1955886,3045676,3045676,
19646420000000,Keppel Union Elementary,Los Angeles,696551,696551,2634999,2641328,5934096,5937549,9265646,9275428,
19646420136127,Sage Oak Charter School- Keppel,Los Angeles,7987,7987,47648,47648,107110,107110,162745,162745,https://web.archive.org/web/20220702102651/https://www.sageoak.education/media/uploads/2021_esser_iii_expenditure_plan_sage_oak_charter_school_-_keppel_20211101.pdf
19646670000000,Lancaster Elementary,Los Angeles,4559965,4559965,19922462,19922462,44784521,44784521,69266948,69266948,https://www.lancsd.org//cms/lib/CA01802504/Centricity/Domain/1519/2021_ESSER_III_Expenditure_Plan_Lancaster_School_District_20220309.pdf
19646670125559,iLEAD Lancaster Charter,Los Angeles,147701,147701,635260,635260,1428028,1428028,2210989,2210989,https://ileadlancaster.org/board-information/esser/
19646830000000,Las Virgenes Unified,Los Angeles,542323,542323,2147655,2147655,4827803,4827803,7517781,7517781,https://resources.finalsite.net/images/v1676194821/lvusdorg/tdhufg1d0rav1s6afruv/filedownloadashx_18.pdf
19646910000000,Lawndale Elementary,Los Angeles,1340434,1340434,5308253,5308253,11823704,11932641,18472391,18581328,https://resources.finalsite.net/images/v1698332046/lawndalek12caus/did3e2smmxhzcnsnut93/ESSERIIIExpenditurePlan.pdf
19646911996438,Environmental Charter High - Lawndale,Los Angeles,151141,151141,598535,598535,1345470,1345470,2095146,2095146,https://ecsonline.org/wp-content/uploads/2021/11/ECS-ESSER-III-Expenditure-Plans-Revised-December-2021.pdf
19647090000000,Lennox,Los Angeles,1730985,1730985,6504081,6504081,14620791,14620791,22855857,22855857,https://4.files.edl.io/ac49/01/11/22/043757-8ae40bbe-79ba-4e99-bbbe-3c85b07fb125.pdf
19647090107508,Century Community Charter,Los Angeles,143558,143558,568506,568506,1277967,1277967,1990031,1990031,https://centurycommunitycharter.weebly.com/uploads/8/6/5/2/8652969/cccs_-_esseriiiexpenditureplan_january_2022_update[63].pdf
19647090112250,Century Academy for Excellence,Los Angeles,0,0,NA,NA,NA,NA,0,0,
19647091996313,Animo Leadership High,Los Angeles,229754,229754,909849,909849,2045286,2045286,3184889,3184889,
19647170000000,Little Lake City Elementary,Los Angeles,477109,477109,1889400,1889400,4148423,4247261,6514932,6613770,https://web.archive.org/web/20220608184019/https://www.llcsd.net/apps/pages/index.jsp?uREC_ID=1027068&type=d&pREC_ID=2255833
19647250000000,Long Beach Unified,Los Angeles,23868680,23868680,94522394,94522394,198135369,212480778,316526443,330871852,https://web.archive.org/web/20230410033145/https://www.lbschools.net/Departments/Local_Control/
19647250127506,Intellectual Virtues Academy of Long Beach,Los Angeles,18637,18637,76237,76237,171376,171376,266250,266250,https://drive.google.com/file/d/1xJm5di1gHKva_PbB7hJBEfXLiX2ZSMB2/view
19647250131938,Clear Passage Educational Center,Los Angeles,14777,14777,5321,5321,11960,11960,32058,32058,http://www.cpecschool.org/?p=1017
19647330000000,Los Angeles Unified,Los Angeles,289701970,289701970,1147249170,1147249170,2578948615,2578948615,4015899755,4015899755,https://www.lausd.org/cms/lib/CA01000043/Centricity/Domain/33/LAUSD%20ESSER%20III%20Expenditure%20Plan%2006232022.pdf
19647330100289,N.E.W. Academy of Science and Arts,Los Angeles,148191,148191,605635,605635,1361431,1361431,2115257,2115257,https://dwscbcy9jc8hm.cloudfront.net/sites/239/comfy/cms/files/76210/files/original/ESSER_III_Expenditure_Plan_NASA.pdf
19647330100669,Stella Middle Charter Academy,Los Angeles,185823,185823,735880,735880,1654215,1654215,2575918,2575918,https://brightstarschools.org/files/galleries/ESSER_III_Expenditure_Plan_SMCA.pdf
19647330100677,High Tech LA,Los Angeles,58974,58974,212861,212861,478500,478500,750335,750335,https://4.files.edl.io/27c5/11/02/21/213942-4107c3fb-a5f3-480c-92ce-5b856a11d7a6.pdf
19647330100743,Accelerated Charter Elementary,Los Angeles,184154,184154,729267,729267,1639350,1639350,2552771,2552771,https://www.accelerated.org/wp-content/uploads/2021/10/Esser-III-Expenditure-Plan-ACES.pdf
19647330100750,Wallis Annenberg High,Los Angeles,180327,180327,714112,714112,1570157,1605282,2464596,2499721,https://www.accelerated.org/wp-content/uploads/2021/10/Esser-III-Expenditure-Plan-WAHS-1.pdf
19647330100800,Central City Value,Los Angeles,161514,161514,639614,639614,1437814,1437814,2238942,2238942,https://4.files.edl.io/60a2/04/13/22/144706-74b1313e-b314-4e34-90d1-d8557d17b344.pdf
19647330100867,KIPP Los Angeles College Preparatory,Los Angeles,179029,179029,708974,708974,1593732,1593732,2481735,2481735,https://campussuite-storage.s3.amazonaws.com/prod/735103/5e2e7db8-b8d5-11e6-bf0d-22000bd8490f/2320887/bee0d862-1fd6-11ec-bcef-0e89542fda31/file/KLAP_2021_ESSER_III_Expenditure_Plan_Preparatory_20210914.pdf
19647330101196,ICEF View Park Preparatory High,Los Angeles,160914,160914,637237,637237,1432472,1432472,2230623,2230623,https://4.files.edl.io/3294/01/17/22/013027-07cc0009-3791-4fa4-825e-f96c3067a5c2.pdf
19647330101444,KIPP Academy of Opportunity,Los Angeles,132458,132458,557967,557967,1254278,1254278,1944703,1944703,https://campussuite-storage.s3.amazonaws.com/prod/735103/5e2e7db8-b8d5-11e6-bf0d-22000bd8490f/2320878/bee0c598-1fd6-11ec-9075-0e89542fda31/file/KAO%202021_ESSER_III_Expenditure_Plan_20210914.pdf
19647330101659,"CATCH Prep Charter High, Inc.",Los Angeles,63650,63650,255573,255573,574512,574512,893735,893735,https://static1.squarespace.com/static/5967dda9db29d62c9596cbd6/t/625e09795d81381f6ad17a9c/1650330007806/CATCH_ESSERIII_ExpPlan_APPROVED.pdf
19647330101675,Oscar De La Hoya Animo Charter High,Los Angeles,218434,218434,865020,865020,1944514,1944514,3027968,3027968,
19647330101683,Renaissance Arts Academy,Los Angeles,101371,101371,425368,425368,956202,956202,1482941,1482941,https://www.renarts.org/_files/ugd/18d7e0_dc5981e0f86d48bf83e0ec357537ac27.pdf
19647330102335,Ocean Charter,Los Angeles,33014,33014,125349,125349,281778,281778,440141,440141,https://oceancs.org/wp-content/uploads/2022/03/OCS.ESSERIIIExpenditurePlan.rev_.3.10.22.pdf
19647330102426,PUC Milagro Charter,Los Angeles,98210,98210,378061,378061,849859,849859,1326130,1326130,https://www.pucmilagro.org/apps/pages/esser-expenditure-plan
19647330102434,Animo South Los Angeles Charter,Los Angeles,202199,202199,800730,800730,1799994,1799994,2802923,2802923,
19647330102442,PUC Lakeview Charter Academy,Los Angeles,116162,116162,445422,445422,1001282,1001282,1562866,1562866,https://www.puclca.org/apps/pages/esser-expenditure-plan
19647330102483,N.E.W. Academy Canoga Park,Los Angeles,174916,174916,680031,680031,1528670,1528670,2383617,2383617,https://dwscbcy9jc8hm.cloudfront.net/sites/245/comfy/cms/files/76209/files/original/ESSER_III_Expenditure_Plan_NACP.pdf
19647330102541,New Designs Charter,Los Angeles,321532,321532,1208780,1208780,2717267,2717267,4247579,4247579,https://tb2cdn.schoolwebmasters.com/accnt_606843/site_606844/Documents/ESSER-III-Expenditure-Plan.pdf
19647330106351,Ivy Academia,Los Angeles,164420,164420,604840,604840,1359645,1359645,2128905,2128905,
19647330106427,Synergy Charter Academy,Los Angeles,116340,116340,460716,460716,1035663,1035663,1612719,1612719,https://4.files.edl.io/4bd5/09/28/21/211502-dba6be25-01b9-49df-bafb-e56beb6a9666.pdf
19647330106435,Camino Nuevo Charter High,Los Angeles,134856,134868,0,485208,0,1090718,134856,1710794,
19647330106831,Animo Venice Charter High,Los Angeles,189736,189736,751375,751375,1689047,1689047,2630158,2630158,
19647330106849,Animo Pat Brown,Los Angeles,227585,227585,901260,901260,2025980,2025980,3154825,3154825,
19647330106864,Alliance Gertz-Ressler Richard Merkin 6-12 Complex,Los Angeles,362488,362488,1435491,1435491,3226899,3226899,5024878,5024878,https://4.files.edl.io/8867/11/15/21/171615-b35246d1-1b7d-434c-9607-07162c3901a0.pdf
19647330106872,Bert Corona Charter,Los Angeles,111971,111971,422447,422447,949637,949637,1484055,1484055,https://drive.google.com/file/d/16eztWLb2dw4KLXHXLxXQ7faMcS0TNYTM/view
19647330107755,Port of Los Angeles High,Los Angeles,180558,180558,715027,715027,1607339,1607339,2502924,2502924,https://4.files.edl.io/5485/10/22/21/211312-af14ce0c-fef3-430e-b744-69cbfc6d9e0a.pdf
19647330108878,CHAMPS - Charter HS of Arts-Multimedia & Performing,Los Angeles,114591,114591,474124,474124,1065804,1065804,1654519,1654519,https://www.champscharter.org/ourpages/auto/2022/4/5/53336560/CHAMPS%20ESSER%20III%20EXPENDITURE%20PLAN%20_APRIL%202022_.pdf?rnd=1649202080842
19647330108886,Gabriella Charter,Los Angeles,128597,128597,509256,509256,1144778,1144778,1782631,1782631,https://www.gabriellacharterschools.org/ourpages/auto/2015/10/13/49491638/Esser%20III%20Expenditure%20Plan%2C%20GCS%201%2C%20Board%20Approved.pdf?rnd=1650053262648
19647330108894,Alliance Judy Ivie Burton Technology Academy High,Los Angeles,225876,225876,897510,897510,2017549,2017549,3140935,3140935,https://4.files.edl.io/167b/01/12/22/233907-9a19e7b3-30e2-4e2c-9b26-fbd4caf11c88.pdf
19647330108910,ISANA Nascent Academy,Los Angeles,210057,210057,831848,831848,1869945,1869945,2911850,2911850,https://web.archive.org/web/20211127224436/https://isanaacademies.org/wp-content/uploads/ISANA-Nascent-Academy-ESSER-III-Expenditure-Plan41.pdf
19647330108928,Larchmont Charter,Los Angeles,198814,198814,787323,787323,1769855,1769855,2755992,2755992,https://www.larchmontcharter.org/_files/ugd/e6b093_7c3f9509cd744b6eb0e7d65bc3b0b9cf.pdf
19647330108936,Alliance Collins Family College-Ready High,Los Angeles,209362,209362,829095,829095,1863758,1863758,2902215,2902215,https://4.files.edl.io/aab1/12/03/21/202736-12cfd2c2-da8a-40b1-9d2a-e50c35d60dfc.pdf
19647330109934,Our Community Charter,Los Angeles,38793,38793,149556,149556,336193,336193,524542,524542,https://4.files.edl.io/9200/04/15/22/190215-ddfd224f-0970-4c1d-a669-1192f883affa.pdf
19647330110304,Los Angeles Academy of Arts and Enterprise,Los Angeles,125071,125071,459954,459954,1033949,1033949,1618974,1618974,https://www.laaae.org/wp-content/uploads/2022/02/6.j.-ESSER-III-Expenditure-Plan_revised-1-13-22.pdf
19647330111211,New Heights Charter,Los Angeles,161228,161228,627499,627499,1410582,1410582,2199309,2199309,https://web.archive.org/web/20211130111435/https://www.newheightscharter.org/userfiles/40/my%20files/nhcs%20-%20esser%20iii%20expenditure%20plan.pdf?id=1265
19647330111484,New Village Girls Academy,Los Angeles,33768,33768,121484,121484,273089,273089,428341,428341,https://newvillagegirlsacademy.org/wp-content/uploads/2021/07/NVGA-ESSER-III-EP-FINAL.pdf
19647330111492,Alliance Patti And Peter Neuwirth Leadership Academy,Los Angeles,218073,218073,853671,853671,1919003,1919003,2990747,2990747,https://4.files.edl.io/b7de/03/03/22/195007-a7ff973b-5b78-43d5-9f67-008708b9a59b.pdf
19647330111500,Alliance Dr. Olga Mohan High,Los Angeles,154139,154139,610407,610407,1372160,1372160,2136706,2136706,https://4.files.edl.io/a508/01/12/22/180800-2f610b11-ef93-4466-b270-16f24994e03d.pdf
19647330111518,Alliance Jack H. Skirball Middle,Los Angeles,166272,166272,658454,658454,1480166,1480166,2304892,2304892,https://4.files.edl.io/6698/11/12/21/200708-c18f33c8-cf3a-4e20-b1d4-dfa4c52a0b1b.pdf
19647330111575,Animo Ralph Bunche Charter High,Los Angeles,228623,228623,905368,905368,2035215,2035215,3169206,3169206,
19647330111583,Animo Jackie Robinson High,Los Angeles,229813,229813,910083,910083,2045813,2045813,3185709,3185709,
19647330111625,Animo Watts College Preparatory Academy,Los Angeles,206156,206156,808703,808703,1817918,1817918,2832777,2832777,
19647330111641,Alliance Ouchi-O'Donovan 6-12 Complex,Los Angeles,361479,361479,1431493,1431493,3217911,3217911,5010883,5010883,https://4.files.edl.io/9bae/01/14/22/170300-c64a6c81-2bdc-422b-a5a0-4db470f7c538.pdf
19647330111658,Alliance Marc & Eva Stern Math and Science,Los Angeles,179348,179348,710236,710236,1596568,1596568,2486152,2486152,https://4.files.edl.io/c871/11/15/21/230949-e0550626-95d1-4715-90e1-ab7ab89b4306.pdf
19647330112201,PUC Excel Charter Academy,Los Angeles,114349,114349,423991,423991,953108,953108,1491448,1491448,https://www.pucexcel.org/apps/pages/esser-expenditure-plan
19647330112235,California Creative Learning Academy,Los Angeles,54815,54815,217071,217071,487964,487964,759850,759850,https://drive.google.com/file/d/1hvoscsmE0Hl1itUw09Ji3Ix9lbVoUpWl/view
19647330112508,Stella High Charter Academy,Los Angeles,178138,178138,705447,705447,1585802,1585802,2469387,2469387,https://brightstarschools.org/files/galleries/ESSER_III_Expenditure_Plan_BSSCA.pdf
19647330114884,Aspire Junior Collegiate Academy,Los Angeles,121847,121847,482527,482527,1084692,1084692,1689066,1689066,
19647330114959,Monsenor Oscar Romero Charter Middle,Los Angeles,124900,124900,494616,494616,1111869,1111869,1731385,1731385,https://drive.google.com/file/d/16e_3Eh1jGO9ukfd8SkToXIvNc5D54adO/view
19647330114967,Global Education Academy,Los Angeles,89437,89437,344709,344709,774887,774887,1209033,1209033,https://4.files.edl.io/863a/11/02/21/185416-1da92bfb-496a-482d-9b2b-8ee882fa09e1.pdf
19647330115048,Fenton Primary Center,Los Angeles,258791,258791,931041,931041,2092925,2092925,3282757,3282757,https://resources.finalsite.net/images/v1635811802/fentoncharternet/acepzptyvuu4vforymb8/FPCESSERIIIPlan101821.pdf
19647330115113,"Ivy Bound Academy of Math, Science, and Technology Charter Middle",Los Angeles,34246,34246,135618,135618,304862,304862,474726,474726,https://drive.google.com/file/d/1o9adHuA-vpyzfzWbFzCsgqMD7yLtzg1_/view
19647330115139,Center for Advanced Learning,Los Angeles,126224,126224,474279,474279,1066152,1066152,1666655,1666655,
19647330115253,Discovery Charter Preparatory #2,Los Angeles,85105,85105,306178,306178,688271,688271,1079554,1079554,https://discoveryprep.org/wp-content/uploads/2022/04/APPROVED-ESSER-III.pdf
19647330115287,ICEF Vista Middle Academy,Los Angeles,89307,89307,342292,342292,769451,769451,1201050,1201050,https://4.files.edl.io/8e71/01/17/22/013026-fb5d396e-e255-4bfb-a95f-794a7cea3ed5.pdf
19647330116509,Alliance Morgan McKinzie High,Los Angeles,133667,133667,584324,584324,1313526,1313526,2031517,2031517,https://drive.google.com/file/d/1sTJWCeeLSNjMFrwGWrNuV0fhJKIq1zfx/view
19647330117077,APEX Academy,Los Angeles,141873,141873,533081,533081,1198335,1198335,1873289,1873289,https://web.archive.org/web/20211127022216/https://apexacademyla.org/pdfs/APEX-ESSERIIIexpenditureplanOct25-21.pdf
19647330117598,Alliance Piera Barbaglia Shaheen Health Services Academy,Los Angeles,165088,165088,683060,683060,1535478,1535478,2383626,2383626,https://drive.google.com/file/d/1lfv_MPFmgGNDAZ2dbkjkOvMfTa3fL6sx/view
19647330117606,Alliance Leichtman-Levine Family Foundation Environmental Science High,Los Angeles,164757,164757,624564,624564,1403983,1403983,2193304,2193304,https://4.files.edl.io/c6d6/04/06/22/143009-ee47402b-4b80-4409-8cde-5fd5b64916e8.pdf
19647330117614,New Los Angeles Charter,Los Angeles,106524,106524,421845,421845,948282,948282,1476651,1476651,https://4.files.edl.io/ca7c/01/19/22/225507-22f1a319-fe51-4834-b476-d258dba94178.pdf
19647330117622,Magnolia Science Academy 4,Los Angeles,47100,47100,169450,169450,380914,380914,597464,597464,https://www.magnoliapublicschools.org/ourpages/auto/2021/9/9/63010704/MSA-4%20ESSER%20III%20Expenditure%20Plan.pdf?rnd=1635808131401
19647330117648,Magnolia Science Academy 6,Los Angeles,46544,46544,183418,183418,412313,412313,642275,642275,https://www.magnoliapublicschools.org/ourpages/auto/2021/9/9/63010704/MSA-6%20ESSER%20III%20Expenditure%20Plan.pdf?rnd=1635808131401
19647330117655,Magnolia Science Academy 7,Los Angeles,70546,70546,279369,279369,628004,628004,977919,977919,https://www.magnoliapublicschools.org/ourpages/auto/2021/9/9/63010704/MSA-7%20ESSER%20III%20Expenditure%20Plan.pdf?rnd=1635808131401
19647330117846,Para Los NiÃ±os Middle,Los Angeles,204107,204107,734306,734306,1650676,1650676,2589089,2589089,https://paralosninos.org/wp-content/uploads/2022/04/CMS_esseriiiexpenditureplan-v2.pdf
19647330117895,Synergy Kinetic Academy,Los Angeles,183482,183482,726607,726607,1633369,1633369,2543458,2543458,https://4.files.edl.io/24c1/09/28/21/210353-fb3ea637-e179-4011-acb1-71d919924a80.pdf
19647330117903,KIPP Raices Academy,Los Angeles,181768,181768,719821,719821,1618115,1618115,2519704,2519704,https://campussuite-storage.s3.amazonaws.com/prod/735103/5e2e7db8-b8d5-11e6-bf0d-22000bd8490f/2320891/bee0dff6-1fd6-11ec-a738-0e89542fda31/file/KRA_2021_ESSER_III_Expenditure_Plan_20210914.pdf
19647330117911,New Millennium Secondary,Los Angeles,80482,80482,289545,289545,650880,650880,1020907,1020907,https://newmillenniumschool.org/wp-content/uploads/2024/01/ESSER-III-Expenditure-Plan-2022.pdf
19647330117937,ICEF Vista Elementary Academy,Los Angeles,130961,130961,518621,518621,1165829,1165829,1815411,1815411,https://4.files.edl.io/1c78/01/17/22/013026-513f0c4e-04e8-449d-88eb-c617fe747fab.pdf
19647330117952,ICEF Innovation Los Angeles Charter,Los Angeles,74162,74162,324305,324305,729019,729019,1127486,1127486,https://4.files.edl.io/c04a/01/17/22/013026-62cbdc95-4b63-4247-95ea-0852eddf2843.pdf
19647330118588,Alain Leroy Locke College Preparatory Academy,Los Angeles,523238,523238,2063575,2063575,4638795,4638795,7225608,7225608,
19647330119982,Equitas Academy Charter,Los Angeles,159845,159845,633001,633001,1422949,1422949,2215795,2215795,https://static1.squarespace.com/static/6689ee0b938aa2542d2cfeb7/t/66a710a60a4d0f73b3657ad6/1722224806081/2021-22esseriiiexpenditureplanEQ.pdf
19647330120014,KIPP Endeavor College Preparatory Charter,Los Angeles,211165,211165,836236,836236,1879810,1879810,2927211,2927211,https://campussuite-storage.s3.amazonaws.com/prod/735103/5e2e7db8-b8d5-11e6-bf0d-22000bd8490f/2320884/bee0d2a4-1fd6-11ec-ba6b-0e89542fda31/file/KECP_2021_ESSER_III_Expenditure_Plan_KIPP_Endeavor_College_Preparatory_Charter_20210914.pdf
19647330120022,Valor Academy Middle,Los Angeles,176952,176952,700746,700746,1575236,1575236,2452934,2452934,https://brightstarschools.org/files/galleries/ESSER_III_Expenditure_Plan_VAMS.pdf
19647330120030,Alliance College-Ready Middle Academy 4,Los Angeles,172410,172410,682759,682759,1534803,1534803,2389972,2389972,https://1.cdn.edl.io/ESSERIIIExpenditurePlan.pdf
19647330120048,Alliance College-Ready Middle Academy 5,Los Angeles,109429,109438,0,0,0,920032,109429,1029470,
19647330120071,New Designs Charter School-Watts,Los Angeles,180878,180878,650736,650736,1462816,1462816,2294430,2294430,https://tb2cdn.schoolwebmasters.com/accnt_606843/site_606844/Documents/ESSER-III-Expenditure-Plan-Watts.pdf
19647330120097,Academia Moderna,Los Angeles,170074,170074,673510,673510,1514011,1514011,2357595,2357595,https://web.archive.org/web/20220701174403/https://academiamoderna.org/wp-content/uploads/2022/04/ESSER-III-Expenditure-Funds.pdf
19647330120477,Aspire Titan Academy,Los Angeles,119466,119466,473098,473098,1063496,1063496,1656060,1656060,
19647330120527,Watts Learning Center Charter Middle,Los Angeles,144428,144428,571950,571950,1285710,1285710,2002088,2002088,https://4.files.edl.io/561e/01/03/22/204841-d733d36d-93bb-4c98-9dcf-a4308b1f9df0.pdf
19647330121079,Ararat Charter,Los Angeles,82076,82076,325029,325029,730645,730645,1137750,1137750,https://secureservercdn.net/198.71.233.181/7eb.f5c.myftpupload.com/wp-content/uploads/2021/09/Ararat-CS-7757-ESSER-III-Expenditure-Plan-09.22.21.pdf
19647330121137,Ingenium Charter,Los Angeles,141503,141503,560368,560368,1259674,1259674,1961545,1961545,https://drive.google.com/file/d/1zXvc6qkVWX4BHqiMkZ4Mute7Eu5RUi9l/view
19647330121285,Alliance Cindy and Bill Simon Technology Academy High,Los Angeles,186671,186671,739236,739236,1661760,1661760,2587667,2587667,https://4.files.edl.io/4fc6/01/24/22/184219-1b251c41-6724-4323-9951-3e3083f18d17.pdf
19647330121293,Alliance Tennenbaum Family Technology High,Los Angeles,110350,110350,397003,397003,892440,892440,1399793,1399793,https://4.files.edl.io/ac35/12/22/21/191742-49b670e2-e7c4-4831-863f-dc607806be8a.pdf
19647330121699,KIPP Empower Academy,Los Angeles,186012,186012,736625,736625,1655889,1655889,2578526,2578526,https://campussuite-storage.s3.amazonaws.com/prod/735103/5e2e7db8-b8d5-11e6-bf0d-22000bd8490f/2320883/bee0d0a6-1fd6-11ec-bbe2-0e89542fda31/file/KEA%202021_ESSER_III_Expenditure_Plan_20210914.pdf
19647330121707,KIPP Comienza Community Prep,Los Angeles,295299,295299,1283676,1283676,2885629,2885629,4464604,4464604,https://campussuite-storage.s3.amazonaws.com/prod/735103/5e2e7db8-b8d5-11e6-bf0d-22000bd8490f/2320881/bee0cc96-1fd6-11ec-af0b-0e89542fda31/file/KCCP%202021_ESSER_III_Expenditure_Plan_20210914.pdf
19647330121848,Crown Preparatory Academy,Los Angeles,178700,178700,692657,692657,1557052,1557052,2428409,2428409,https://web.archive.org/web/20230202234313/https://www.stem-prep.org/download/37/pdfs-and-docs/3361/cpa-esser-iii-expenditure-plan.pdf
19647330122242,TEACH Academy of Technologies,Los Angeles,136615,136615,628579,628579,1413009,1413009,2178203,2178203,https://4.files.edl.io/2556/09/20/21/202807-a0414815-449c-443b-8116-dc1c0cf916a9.pdf
19647330122481,Animo Jefferson Charter Middle,Los Angeles,210113,210113,832068,832068,1870440,1870440,2912621,2912621,
19647330122499,Animo Westside Charter Middle,Los Angeles,129657,129657,513457,513457,923377,1154221,1566491,1797335,
19647330122556,Citizens of the World Charter School Hollywood,Los Angeles,54815,54815,217071,217071,487964,487964,759850,759850,https://cwclosangeles.org/wp-content/uploads/2020/04/ESSER-III-Expenditure-Plans.pdf
19647330122564,Camino Nuevo Elementary #3,Los Angeles,298033,298033,1180844,1180844,2457791,2654468,3936668,4133345,https://4.files.edl.io/9a51/10/22/21/210926-8fced482-aa2f-4f90-8982-40d7edc2656f.pdf
19647330122606,PUC Lakeview Charter High,Los Angeles,122174,122174,505629,505629,1136624,1136624,1764427,1764427,https://www.puclchs.org/apps/pages/esser-expenditure-plan
19647330122614,Aspire Gateway Academy Charter,Los Angeles,147594,147594,561940,561940,1263208,1263208,1972742,1972742,
19647330122622,Aspire Firestone Academy Charter,Los Angeles,146250,146250,549527,549527,1235304,1235304,1931081,1931081,
19647330122630,Para Los NiÃ±os - Evelyn Thurman Gratts Primary,Los Angeles,103622,103622,372978,372978,838434,838434,1315034,1315034,https://paralosninos.org/wp-content/uploads/2022/04/GPC_esseriiiexpenditureplan-v2.pdf
19647330122655,ISANA Octavia Academy,Los Angeles,126664,126664,505003,505003,1135218,1135218,1766885,1766885,https://web.archive.org/web/20211128002627/https://isanaacademies.org/wp-content/uploads/ISANA-Octavia-Academy-ESSER-III-Expenditure-Plan60.pdf
19647330122721,Aspire Pacific Academy,Los Angeles,189010,189010,752540,752540,1691666,1691666,2633216,2633216,
19647330122739,Vista Charter Middle,Los Angeles,158674,158674,628365,628365,1412527,1412527,2199566,2199566,https://4.files.edl.io/fee0/01/20/22/183238-16536e32-ba38-4e74-a03b-f662b331fa8c.pdf
19647330122747,Magnolia Science Academy Bell,Los Angeles,163596,163596,589649,589649,1325497,1325497,2078742,2078742,https://www.magnoliapublicschools.org/ourpages/auto/2021/9/9/63010704/MSA-Bell%20ESSER%20III%20Expenditure%20Plan.pdf?rnd=1635808131432
19647330122754,Valley Charter Elementary,Los Angeles,25288,25288,100142,100142,225113,225113,350543,350543,https://4.files.edl.io/fee0/01/20/22/183238-16536e32-ba38-4e74-a03b-f662b331fa8c.pdf
19647330122838,Valley Charter Middle,Los Angeles,54894,54894,222291,222291,499696,499696,776881,776881,https://4.files.edl.io/8c2f/01/20/22/183303-f90b197a-741b-4808-9ad3-fdb55137fc52.pdf
19647330122861,Camino Nuevo Charter Academy #2,Los Angeles,230866,230866,940085,940085,2032149,2113255,3203100,3284206,https://4.files.edl.io/585d/10/22/21/210926-303a7c2c-06fd-44c5-b00f-7c5f9c6e22ff.pdf
19647330123133,Alliance Susan and Eric Smidt Technology High,Los Angeles,187819,187819,743784,743784,1671982,1671982,2603585,2603585,https://4.files.edl.io/7f45/01/26/22/214314-4b2e4c43-9850-44b4-96f1-8348ccaacda7.pdf
19647330123141,Alliance Ted K. Tajima High,Los Angeles,121774,121774,546233,546233,1227900,1227900,1895907,1895907,https://drive.google.com/file/d/1m76BGMI3hrv7Gm3-Sik0Ot38r8IndaN1/view
19647330123158,Arts In Action Community Charter,Los Angeles,99512,99512,468695,468695,1053599,1053599,1621806,1621806,https://4.files.edl.io/23d8/03/10/23/190959-ffc49a8e-2254-4f93-bd5a-2b0a9056b3f0.pdf
19647330123166,ISANA Palmati Academy,Los Angeles,163595,163595,590586,590586,1327602,1327602,2081783,2081783,https://web.archive.org/web/20211127233204/https://isanaacademies.org/wp-content/uploads/ISANA-Palmati-Academy-ESSER-III-Expenditure-Plan61.pdf
19647330123984,ISANA Cardinal Academy,Los Angeles,116005,116005,459391,459391,1032685,1032685,1608081,1608081,https://web.archive.org/web/20211127224052/https://isanaacademies.org/wp-content/uploads/ISANA-Cardinal-Academy-ESSER-III-Expenditure-Plan20.pdf
19647330123992,Animo Ellen Ochoa Charter Middle,Los Angeles,151084,151084,543547,543547,1221862,1221862,1916493,1916493,
19647330124008,Animo James B. Taylor Charter Middle,Los Angeles,179239,179239,709803,709803,1595595,1595595,2484637,2484637,
19647330124016,Animo Legacy Charter Middle,Los Angeles,362791,362791,1436691,1436691,3229596,3229596,5029078,5029078,
19647330124198,Extera Public,Los Angeles,187992,187992,746025,746025,1677020,1677020,2611037,2611037,https://4.files.edl.io/402b/04/14/22/174937-961bdf38-77d2-4d63-9fb7-8417d958328c.pdf
19647330124222,Rise Kohyang Middle,Los Angeles,136015,136015,538633,538633,1210815,1210815,1885463,1885463,https://brightstarschools.org/files/galleries/ESSER_III_Expenditure_Plan_RKMS.pdf
19647330124560,Synergy Quantum Academy,Los Angeles,208408,208408,825318,825318,1855267,1855267,2888993,2888993,https://4.files.edl.io/9c83/09/28/21/211646-2155172c-f451-49d6-9b7d-48fc698d6012.pdf
19647330124784,Aspire Slauson Academy Charter,Los Angeles,134360,134360,532081,532081,1196087,1196087,1862528,1862528,
19647330124792,Aspire Juanita Tate Academy Charter,Los Angeles,147665,147665,584768,584768,1314525,1314525,2046958,2046958,
19647330124800,Aspire Inskeep Academy Charter,Los Angeles,126753,126753,553581,553581,1244418,1244418,1924752,1924752,
19647330124818,Los Angeles Leadership Primary Academy,Los Angeles,108955,108955,431474,431474,969928,969928,1510357,1510357,
19647330124826,Camino Nuevo Charter Academy #4,Los Angeles,219632,219632,869767,869767,1889236,1955184,2978635,3044583,https://4.files.edl.io/5ca2/10/22/21/210925-1abcb83a-a47f-4453-b60a-4f83d5f62441.pdf
19647330124891,Alliance Renee and Meyer Luskin Academy High,Los Angeles,192754,192754,740006,740006,1663490,1663490,2596250,2596250,https://4.files.edl.io/8e72/03/02/22/184214-928991a9-2ad0-4343-8ce8-e1973a14eba8.pdf
19647330124933,PUC Early College Academy for Leaders and Scholars (ECALS),Los Angeles,93921,93921,371939,371939,836096,836096,1301956,1301956,https://web.archive.org/web/20240302122040/https://www.puccalsechs.org/apps/pages/esser-expenditure-plan
19647330124941,Alliance Margaret M. Bloomfield Technology Academy High,Los Angeles,169655,169655,671853,671853,1510285,1510285,2351793,2351793,https://4.files.edl.io/7672/11/12/21/232238-ef67257c-8548-409b-8221-85f235d5f045.pdf
19647330125609,KIPP Philosophers Academy,Los Angeles,122823,122823,451501,451501,1014947,1014947,1589271,1589271,https://campussuite-storage.s3.amazonaws.com/prod/735103/5e2e7db8-b8d5-11e6-bf0d-22000bd8490f/2320888/bee0da4c-1fd6-11ec-a934-0e89542fda31/file/KPA_2021_ESSER_III_Expenditure_Plan_20210914%20(1).pdf
19647330125625,KIPP Scholar Academy,Los Angeles,141162,141162,559016,559016,1256636,1256636,1956814,1956814,https://campussuite-storage.s3.amazonaws.com/prod/735103/5e2e7db8-b8d5-11e6-bf0d-22000bd8490f/2320892/bee0e1d6-1fd6-11ec-a49b-0e89542fda31/file/KSA_2021_ESSER_III_Expenditure_Plan_20210914.pdf
19647330125641,KIPP Sol Academy,Los Angeles,164460,164460,651277,651277,1464032,1464032,2279769,2279769,https://campussuite-storage.s3.amazonaws.com/prod/735103/5e2e7db8-b8d5-11e6-bf0d-22000bd8490f/2320893/bee0e3b6-1fd6-11ec-a4da-0e89542fda31/file/KSOL_2021_ESSER_III_Expenditure_Plan_20210914.pdf
19647330125864,Ednovate - USC Hybrid High College Prep,Los Angeles,157632,157632,624239,624239,1403253,1403253,2185124,2185124,https://static1.squarespace.com/static/5e5ecb339f571251433c5f83/t/61560eef26f9e23bfdeb7d64/1633029871707/Hybrid+_esseriiiexpenditureplan.docx_2021.docx.pdf
19647330126136,Math and Science College Preparatory,Los Angeles,188318,188318,745759,745759,1676423,1676423,2610500,2610500,https://web.archive.org/web/20240518061806/https://www.stem-prep.org/download/37/pdfs-and-docs/3362/mscp-esser-iii-expenditure-plan.pdf
19647330126169,Equitas Academy #2,Los Angeles,147653,147653,584721,584721,1314418,1314418,2046792,2046792,https://4.files.edl.io/9f44/11/05/21/160703-06e924b9-c942-4941-85c9-d1aba1b956ed.pdf
19647330126177,Citizens of the World Charter School Silver Lake,Los Angeles,100801,100801,413966,413966,930572,930572,1445339,1445339,https://cwclosangeles.org/wp-content/uploads/2020/04/ESSER-III-Expenditure-Plans.pdf
19647330126193,Citizens of the World Charter School Mar Vista,Los Angeles,47258,47258,231887,231887,521269,521269,800414,800414,https://cwclosangeles.org/wp-content/uploads/2020/04/ESSER-III-Expenditure-Plans.pdf
19647330126797,Aspire Centennial College Preparatory Academy,Los Angeles,189988,189988,750733,750733,1687603,1687603,2628324,2628324,
19647330127217,Alliance Alice M. Baxter College-Ready High,Los Angeles,89624,89631,0,0,0,759196,89624,848827,
19647330127670,KIPP Iluminar Academy,Los Angeles,183477,183477,726589,726589,1633330,1633330,2543396,2543396,https://campussuite-storage.s3.amazonaws.com/prod/735103/5e2e7db8-b8d5-11e6-bf0d-22000bd8490f/2320885/bee0d498-1fd6-11ec-b01b-0e89542fda31/file/KIA_2021_ESSER_III_Expenditure_Plan_20210914%20(1).pdf
19647330127886,City Language Immersion Charter,Los Angeles,52118,52118,214246,214246,481612,481612,747976,747976,
19647330127894,Valor Academy High,Los Angeles,157405,157405,624700,624700,1404289,1404289,2186394,2186394,
19647330127910,Camino Nuevo High #2,Los Angeles,170180,170180,673932,673932,1495883,1514959,2339995,2359071,https://app2.boardontrack.com/org/YzMqzE/attachment/publicDownload/203426?s=YzMqzE
19647330127936,PREPA TEC - Los Angeles,Los Angeles,151967,151967,554928,554928,1247446,1247446,1954341,1954341,
19647330127985,Ingenium Charter Middle,Los Angeles,79414,79414,314486,314486,706945,706945,1100845,1100845,https://ingeniumschools.org/icms/transparency
19647330128009,Alliance Virgil Roberts Leadership Academy,Los Angeles,152203,152203,602738,602738,1354920,1354920,2109861,2109861,https://4.files.edl.io/0e91/02/17/22/205036-1dbf2623-b93c-4095-bda9-a7755241e4d4.pdf
19647330128033,Alliance College-Ready Middle Academy 8,Los Angeles,155908,155908,617410,617410,1387902,1387902,2161220,2161220,https://4.files.edl.io/f68c/04/06/22/211300-277e90f9-a8d9-4524-9196-c2a2a8b450d6.pdf
19647330128041,Alliance Kory Hunter Middle,Los Angeles,171412,171412,678810,678810,1525925,1525925,2376147,2376147,https://4.files.edl.io/83ae/11/12/21/185856-75da1f20-fbb4-4897-ab5c-8b0c2b3c0214.pdf
19647330128058,Alliance College-Ready Middle Academy 12,Los Angeles,164952,164952,653229,653229,1468419,1468419,2286600,2286600,https://4.files.edl.io/a1c0/12/14/21/194736-34157cb0-a427-4028-a2d5-215eadeb1a21.pdf
19647330128132,Extera Public School No. 2,Los Angeles,154450,154450,611639,611639,1374928,1374928,2141017,2141017,https://4.files.edl.io/09b9/04/14/22/174937-5633d4cd-b962-420f-b99a-eaed9ab0be5a.pdf
19647330128371,New Horizons Charter Academy,Los Angeles,87453,87453,328105,328105,737562,737562,1153120,1153120,https://nhcharteracademy.com/wp-content/uploads/2022/04/NHCA-ESSER-III-Plan-v6-1.pdf
19647330128389,"Ivy Bound Academy Math, Science, and Technology Charter Middle 2",Los Angeles,38973,38973,161254,161254,362490,362490,562717,562717,https://drive.google.com/file/d/1o9adHuA-vpyzfzWbFzCsgqMD7yLtzg1_/view
19647330128512,KIPP Academy of Innovation,Los Angeles,163856,163856,648887,648887,1458659,1458659,2271402,2271402,https://campussuite-storage.s3.amazonaws.com/prod/735103/5e2e7db8-b8d5-11e6-bf0d-22000bd8490f/2320877/bee0bfb2-1fd6-11ec-901d-0e89542fda31/file/KAI%202021_ESSER_III_Expenditure_Plan%20_20210914.pdf
19647330129270,Animo Mae Jemison Charter Middle,Los Angeles,181906,181906,720367,720367,1619343,1619343,2521616,2521616,
19647330129460,KIPP Vida Preparatory Academy,Los Angeles,203795,203795,807048,807048,1814197,1814197,2825040,2825040,https://campussuite-storage.s3.amazonaws.com/prod/735103/5e2e7db8-b8d5-11e6-bf0d-22000bd8490f/2320894/bee0e5a0-1fd6-11ec-882b-0e89542fda31/file/KVP_2021_ESSER_III_Expenditure_Plan_20210914.pdf
19647330129593,PUC Inspire Charter Academy,Los Angeles,94870,94870,375697,375697,844544,844544,1315111,1315111,https://www.pucinspire.org/apps/pages/esser-expenditure-plan
19647330129619,PUC Community Charter Elementary,Los Angeles,83570,83570,336841,336841,757199,757199,1177610,1177610,https://www.puccces.org/apps/pages/index.jsp?uREC_ID=3827459&type=d&pREC_ID=2472206
19647330129627,TEACH Tech Charter High,Los Angeles,110970,110970,509018,509018,1144243,1144243,1764231,1764231,https://4.files.edl.io/2ff4/09/20/21/203004-055dc6c6-a1f6-43ed-a72d-b89254bdc2b1.pdf
19647330129650,Equitas Academy #3 Charter,Los Angeles,133115,133115,527150,527150,1185002,1185002,1845267,1845267,https://4.files.edl.io/ce74/11/05/21/160705-5db349f3-0b0f-4619-a6a0-fb710790fa58.pdf
19647330129833,Global Education Academy 2,Los Angeles,49537,49537,196172,196172,440984,440984,686693,686693,https://4.files.edl.io/647f/11/02/21/185416-743f1549-c7e1-46e4-bb8d-ac48b9c045a8.pdf
19647330129858,Everest Value,Los Angeles,87535,87535,346647,346647,779241,779241,1213423,1213423,https://4.files.edl.io/c019/04/13/22/144821-8db7435b-4dcd-4002-921c-947e21751870.pdf
19647330129866,Village Charter Academy,Los Angeles,75898,75898,300564,300564,675651,675651,1052113,1052113,
19647330131466,Fenton STEM Academy: Elementary Center for Science Technology Engineering and Mathematics,Los Angeles,92717,92717,367168,367168,825373,825373,1285258,1285258,https://resources.finalsite.net/images/v1635811802/fentoncharternet/o4upik9apgoakjgr9828/STEMESSERIIIPlan101821.pdf
19647330131722,Fenton Charter Leadership Academy,Los Angeles,80692,80692,333942,333942,750682,750682,1165316,1165316,https://resources.finalsite.net/images/v1635811802/fentoncharternet/podsmae0loxqhhkxf0lp/FCLAESSERIIIPlan101821.pdf
19647330131771,KIPP Ignite Academy,Los Angeles,140910,140910,559754,559754,1258295,1258295,1958959,1958959,
19647330131797,KIPP Promesa Prep,Los Angeles,142234,142234,593535,593535,1334233,1334233,2070002,2070002,https://campussuite-storage.s3.amazonaws.com/prod/735103/5e2e7db8-b8d5-11e6-bf0d-22000bd8490f/2320890/bee0de16-1fd6-11ec-95f4-0e89542fda31/file/KPP_2021_ESSER_III_Expenditure_Plan_20210914.pdf
19647330131821,Collegiate Charter High School of Los Angeles,Los Angeles,52379,52379,230493,230493,518135,518135,801007,801007,https://static1.squarespace.com/static/539229d5e4b081d8ff966a04/t/624859e8e1ebac54066ab05b/1648908776433/REVISED+CCCHSLA+ESSER+III+Plan.pdf
19647330131847,Public Policy Charter,Los Angeles,45168,52783,20921,209024,9813,469875,75902,731682,
19647330131870,Resolute Academy Charter,Los Angeles,85500,85500,372235,372235,836762,836762,1294497,1294497,https://4.files.edl.io/fb46/10/14/21/163805-29aaa7df-e3aa-4caf-8706-d0ee8a73ebd0.pdf
19647330131904,Libertas College Preparatory Charter,Los Angeles,84623,84623,356395,356395,801155,801155,1242173,1242173,https://drive.google.com/file/d/1oSDiCHGbbxQIdweKNTiTUV8ZAcgQga8Y/view
19647330132027,University Preparatory Value High,Los Angeles,148360,148360,592104,592104,1331016,1331016,2071480,2071480,https://4.files.edl.io/fd53/04/13/22/144929-8a06fa49-b29a-46b1-a15b-b9fc988a2f22.pdf
19647330132084,Alliance Marine - Innovation and Technology 6-12 Complex,Los Angeles,223545,223545,965987,965987,2171482,2171482,3361014,3361014,https://1.cdn.edl.io/AllianceMarine-InnovationandTechnology6-12Complex22.pdf
19647330132126,Bert Corona Charter High,Los Angeles,61205,61205,253238,253238,569265,569265,883708,883708,https://drive.google.com/file/d/16qz_A-fsT0pcg8-cXRNW5p60ZU33kyiJ/view
19647330132282,Ednovate - East College Prep,Los Angeles,102335,102335,405257,405257,910994,910994,1418586,1418586,https://static1.squarespace.com/static/5e5ecb339f571251433c5f83/t/61560c3e0fcd0f60eed94d59/1633029183001/East+_esseriiiexpenditureplan.docx_2021.docx.pdf
19647330132928,Anahuacalmecac International University Preparatory of North America,Los Angeles,121430,121430,436862,436862,982041,982041,1540333,1540333,https://cdn.prod.website-files.com/65a1e77ffa5eca9ae6a44452/65a1e77ffa5eca9ae6a446bc_AIUPNA%20ESSER%20III%20Expenditure%20Plan.pdf
19647330133272,PUC Triumph Charter Academy and PUC Triumph Charter High,Los Angeles,219304,219304,933511,933511,2098478,2098478,3251293,3251293,https://www.puctchs.org/apps/pages/esser-expenditure-plan
19647330133280,PUC Nueva Esperanza Charter Academy,Los Angeles,126684,126684,488104,488104,1097230,1097230,1712018,1712018,https://www.pucneca.org/apps/pages/esser-expenditure-plan
19647330133298,PUC CALS Middle School and Early College High,Los Angeles,178501,178501,706881,706881,1589027,1589027,2474409,2474409,https://www.puccalsms.org/apps/pages/esser-expenditure-plan
19647330133686,Equitas Academy 4,Los Angeles,85051,85051,339871,339871,764010,764010,1188932,1188932,https://4.files.edl.io/a621/11/05/21/160711-3d0496a4-87b9-44d5-996c-346e737353a2.pdf
19647330133694,Valor Academy Elementary,Los Angeles,95189,95189,376956,376956,847376,847376,1319521,1319521,
19647330133702,New Los Angeles Charter Elementary,Los Angeles,55521,55521,241838,241838,543638,543638,840997,840997,https://4.files.edl.io/958a/01/19/22/225641-cd93dff6-eb6f-465c-b24c-3aae3753f127.pdf
19647330133710,Girls Athletic Leadership School Los Angeles,Los Angeles,73953,73953,294026,294026,660954,660954,1028933,1028933,https://static1.squarespace.com/static/5c5dd2b6b10f257107fb1bf7/t/625d96de5c4a031f26aa9565/1650300638335/2021+revised+GALS+Esser+III+Expenditure+Plan.pdf
19647330133868,Rise Kohyang High,Los Angeles,122010,122010,483173,483173,1086145,1086145,1691328,1691328,https://brightstarschools.org/files/galleries/ESSER_III_Expenditure_Plan_RKHS.pdf
19647330133884,California Collegiate Charter,Los Angeles,95494,95503,29840,378201,0,0,125334,473704,
19647330134023,Animo Florence-Firestone Charter Middle,Los Angeles,156120,156120,618251,618251,1389792,1389792,2164163,2164163,
19647330134148,The City,Los Angeles,21776,21776,139768,139768,314190,314190,475734,475734,
19647330134205,Arts in Action Community Middle,Los Angeles,51291,51291,232470,232470,522579,522579,806340,806340,https://4.files.edl.io/788b/03/10/23/191019-2bbb3b34-ad43-4500-b592-5a2d16974fb9.pdf
19647330135509,Gabriella Charter 2,Los Angeles,77427,77427,306617,306617,689257,689257,1073301,1073301,https://www.gabriellacharterschools.org/ourpages/auto/2015/10/13/49491638/Esser%20III%20Expenditure%20Plan%2C%20GCS%202%2C%20Board%20Approved.pdf?rnd=1650053278123
19647330135517,KIPP Corazon Academy,Los Angeles,255899,255899,1022593,1022593,2298729,2298729,3577221,3577221,https://campussuite-storage.s3.amazonaws.com/prod/735103/5e2e7db8-b8d5-11e6-bf0d-22000bd8490f/2320880/bee0ca70-1fd6-11ec-9369-0e89542fda31/file/KCA%202021_ESSER_III_Expenditure_Plan_20210914.pdf
19647330135616,Crete Academy,Los Angeles,49325,49325,206206,206206,463540,463540,719071,719071,https://www.creteacademy.org/_files/ugd/bc86cb_61d27f06d19a44c884e6df79acf5786b.pdf
19647330135632,WISH Academy High,Los Angeles,22826,22826,91214,91214,205043,205043,319083,319083,https://www.wishcharter.org/ourpages/auto/2022/4/12/76462527513237449071/WAHS%20Esser%20III.pdf
19647330135715,Ednovate - Esperanza College Prep,Los Angeles,126470,126470,505384,505384,1136074,1136074,1767928,1767928,https://static1.squarespace.com/static/5e5ecb339f571251433c5f83/t/61560ce25e2ba17e2ea3995d/1633029346600/Esperanza+_esseriiiexpenditureplan.docx_2021.docx.pdf
19647330135723,Ednovate - Brio College Prep,Los Angeles,104685,104685,418331,418331,940382,940382,1463398,1463398,https://static1.squarespace.com/static/5e5ecb339f571251433c5f83/t/61560c1a3cf9d112dc6ecfca/1633029146864/Brio_esseriiiexpenditureplan_2021-2022.docx.pdf
19647330135921,WISH Community,Los Angeles,42146,42146,166903,166903,375188,375188,584237,584237,https://www.wishcharter.org/ourpages/auto/2022/4/12/75719352168695849135/WCS%20Esser%20III.pdf
19647330135954,ISANA Himalia Academy,Los Angeles,233492,233492,967985,967985,2175973,2175973,3377450,3377450,https://web.archive.org/web/20211127231645/https://isanaacademies.org/wp-content/uploads/ISANA-Himalia-Academy-ESSER-III-Expenditure-Plan10.pdf
19647330136986,STEM Preparatory Elementary,Los Angeles,90307,90307,360872,360872,811220,811220,1262399,1262399,https://web.archive.org/web/20240617083711/https://www.stem-prep.org/download/37/pdfs-and-docs/3363/spes-esser-iii-expenditure-plan.pdf
19647330136994,Rise Kohyang Elementary,Los Angeles,19880,19880,117417,117417,263947,263947,401244,401244,https://brightstarschools.org/files/galleries/ESSER_III_Expenditure_Plan_RKES.pdf
19647330137463,California Creative Learning Academy MS,Los Angeles,16693,16693,66707,66707,149954,149954,233354,233354,https://drive.google.com/file/d/1SerwPc9k6tDpfsP4D02M-8px-oA6-qwh/view
19647330137513,Learning by Design Charter,Los Angeles,9161,9161,165045,165045,371012,371012,545218,545218,https://www.learningbydesignschools.org/_files/ugd/029a90_d55d0bd782b1443da91af9b6748b5f54.pdf
19647330137521,Vox Collegiate of Los Angeles,Los Angeles,35667,35667,141245,141245,317511,317511,494423,494423,https://static1.squarespace.com/static/588d5be46a4963c410ff74de/t/61b7677d23fa3061c9869990/1639409534452/Vox+Collegiate+-+ESSER+III+Expenditure+Plan.pdf
19647330137562,Matrix for Success Academy,Los Angeles,30691,30691,121539,121539,273211,273211,425441,425441,https://web.archive.org/web/20240405225433/http://matrix4success.org/pdfs/Matrix-ESSERIII-ExpenditureplanOct26-21.pdf
19647330137604,Stella Elementary Charter Academy,Los Angeles,53447,53447,213579,213579,480112,480112,747138,747138,https://brightstarschools.org/files/galleries/ESSER_III_Expenditure_Plan_SECA.pdf
19647330138883,Equitas Academy 6,Los Angeles,44957,44957,179652,179652,403848,403848,628457,628457,https://4.files.edl.io/b44b/11/05/21/160741-97ca47ec-21e1-4def-bace-e768c26c2af2.pdf
19647330139055,Academy of Media Arts,Los Angeles,15136,15136,103193,103193,231973,231973,350302,350302,https://academyofmediaartsorg-my.sharepoint.com/personal/christie_a_academyofmediaarts_org/_layouts/15/onedrive.aspx?id=%2Fpersonal%2Fchristie%5Fa%5Facademyofmediaarts%5Forg%2FDocuments%2FAcademy%20of%20Media%20Arts%20ESSER%20III%20Expenditure%20Plan%20Updated%20031022%2Epdf&parent=%2Fpersonal%2Fchristie%5Fa%5Facademyofmediaarts%5Forg%2FDocuments&ga=1
19647330139071,KIPP Pueblo Unido,Los Angeles,81211,81211,472334,472334,1061778,1061778,1615323,1615323,https://campussuite-storage.s3.amazonaws.com/prod/735103/5e2e7db8-b8d5-11e6-bf0d-22000bd8490f/2320895/bee0e780-1fd6-11ec-87f4-0e89542fda31/file/Pueblo_2021_ESSER_III_Expenditure_Plan_20210914.pdf
19647330139089,Vista Horizon Global Academy,Los Angeles,12392,12392,49520,49520,111319,111319,173231,173231,
19647330139097,Scholarship Prep - South Bay,Los Angeles,44867,44867,177678,177678,399410,399410,621955,621955,https://web.archive.org/web/20240208184006/https://southbay.scholarshipschools.org/download/618c492f6781c.pdf
19647330139121,Equitas Academy 5,Los Angeles,29829,29829,118126,118126,265540,265540,413495,413495,https://4.files.edl.io/7671/11/05/21/160739-8acb2df1-a0e9-4ded-96a0-d6d7b8f91983.pdf
19647330139832,Citizens of the World Charter School West Valley,Los Angeles,0,0,51482,51482,115729,115729,167211,167211,https://cwcwestvalley.org/wp-content/uploads/2022/01/4d.-ESSER-III-CWC-West-Valley.pdf
19647330140004,El Rio Community,Los Angeles,0,0,36775,36775,82667,82667,119442,119442,https://drive.google.com/file/d/14axkOei8wFTSsVMpBvSIn9YwZWf73ARE/view
19647330140111,Invictus Leadership Academy,Los Angeles,0,0,98323,98323,221024,221024,319347,319347,https://secureservercdn.net/198.71.233.33/egi.014.myftpupload.com/wp-content/uploads/2022/04/esserexpenditureplan_ILA.pdf
19647330140129,Ednovate - South LA College Prep,Los Angeles,38612,38612,245524,245524,551923,551923,836059,836059,https://static1.squarespace.com/static/5e5ecb339f571251433c5f83/t/61560cc7495b592c2445d2cd/1633029319897/SLA+_esseriiiexpenditureplan.docx_2021.docx.pdf
19647331931047,Birmingham Community Charter High,Los Angeles,948849,948849,3757537,3757537,8446722,8446722,13153108,13153108,https://4.files.edl.io/c939/02/11/22/230217-cbff609d-2c4d-456a-9809-1651a6c1f107.pdf
19647331932623,El Camino Real Charter High,Los Angeles,308063,308063,1219961,1219961,2742400,2742400,4270424,4270424,
19647331933746,Granada Hills Charter,Los Angeles,692696,692696,2974912,2974912,6687427,6687427,10355035,10355035,https://resources.finalsite.net/images/v1686674532/ghchscom/jr9ccdntkiiuldf7sbje/ESSER-III-Expenditure-Plan.pdf
19647331995836,Palisades Charter High,Los Angeles,263413,263413,985143,985143,2214543,2214543,3463099,3463099,https://www.palihigh.org/pdfs/Governance/Board_Meeting_Archives//2021_Board_of_Trustees_Schedule/2021_10_12/2021_10_12_board_meeting_packet.pdf
19647331996610,Los Angeles Leadership Academy,Los Angeles,148032,148032,604517,604517,1358919,1358919,2111468,2111468,https://web.archive.org/web/20230604140314/https://www.laleadership.org/uploads/7/6/0/2/76022981/lala_esser_iii_plan_updated_1.pdf
19647336017016,Fenton Avenue Charter,Los Angeles,314868,314868,1192721,1192721,2681166,2681166,4188755,4188755,https://resources.finalsite.net/images/v1644893721/fentoncharternet/lwk5ajnnmokidn8pe7tl/FACSESSERIIIPlanREV01212022.pdf
19647336018204,Montague Charter Academy,Los Angeles,289416,289416,1146117,1146117,2576403,2576403,4011936,4011936,https://www.montaguecharter.org/apps/pages/index.jsp?uREC_ID=66982&type=d&pREC_ID=2309519
19647336018642,Pacoima Charter Elementary,Los Angeles,372311,372311,1474390,1474390,3314341,3314341,5161042,5161042,https://4.files.edl.io/d1d6/04/14/22/180819-5cbc52c1-b7a6-41f6-af3c-dfa3735ed146.pdf
19647336019079,Santa Monica Boulevard Community Charter,Los Angeles,348447,348447,1352164,1352164,3039585,3039585,4740196,4740196,https://resources.finalsite.net/images/v1635811802/fentoncharternet/bylmdaejo80gczxzxeg3/SMBCCSESSERIIIPlan101821.pdf
19647336019715,Vaughn Next Century Learning Center,Los Angeles,1106227,1106227,4380770,4380770,9847712,9847712,15334709,15334709,https://resources.finalsite.net/images/v1638402304/myvaughnchartercom/olqb4owv8k5paqfbxmxz/FINALESSERIIIExpenditurePlan21-22.pdf
19647336112536,Accelerated,Los Angeles,294654,294654,1166859,1166859,2571548,2623031,4033061,4084544,https://www.accelerated.org/wp-content/uploads/2021/10/Esser-III-Expenditure-Plan-TAS-1.pdf
19647336114912,Watts Learning Center,Los Angeles,148305,148305,587303,587303,1320223,1320223,2055831,2055831,https://4.files.edl.io/7e64/01/07/22/183635-b22f30e3-e733-4ac6-a85c-6c5e14f1ca63.pdf
19647336116750,PUC Community Charter Middle and PUC Community Charter Early College High,Los Angeles,229127,229127,918052,918052,2063727,2063727,3210906,3210906,https://www.pucccechs.org/apps/pages/esser-expenditure-plan
19647336117048,ICEF View Park Preparatory Elementary,Los Angeles,168029,168029,617965,617965,1389148,1389148,2175142,2175142,https://4.files.edl.io/364f/01/17/22/013026-b4f8726b-9fa1-4b4b-9677-3c1e7042f667.pdf
19647336117667,Camino Nuevo Charter Academy,Los Angeles,263466,263466,1043352,1043352,2253172,2345394,3559990,3652212,https://4.files.edl.io/3571/10/22/21/210926-9d985124-7963-44a5-a703-8b1d27e90c3a.pdf
19647336119044,Multicultural Learning Center,Los Angeles,88723,88723,367093,367093,825204,825204,1281020,1281020,https://www.mlccharter.org/ourpages/auto/2017/10/24/42281551/MLC%20ESSER%20III%20Exependiture%20Plan%20Final.pdf?rnd=1635289004239
19647336119531,CHIME Institute's Schwarzenegger Community,Los Angeles,33659,33659,155650,155650,349893,349893,539202,539202,https://web.archive.org/web/20220419175050/https://chimeinstitute.org/docs/CHIME_ESSER.pdf
19647336119903,Downtown Value,Los Angeles,159550,159550,631836,631836,1420330,1420330,2211716,2211716,https://4.files.edl.io/b3fd/04/13/22/144856-7fdf084e-99b9-4454-ba26-2ace284c234c.pdf
19647336120471,Puente Charter,Los Angeles,47121,47121,188300,188300,423286,423286,658707,658707,https://www.puente.org/wp-content/uploads/2021/10/puente-charter-2621-esser-iii-expenditure-plan-1.pdf
19647336120489,Para Los NiÃ±os Charter,Los Angeles,136958,136958,514613,514613,1156819,1156819,1808390,1808390,https://paralosninos.org/wp-content/uploads/2022/04/CES_-esseriiiexpenditureplan-v2.pdf
19647336121081,ICEF View Park Preparatory Middle,Los Angeles,114498,114498,432869,432869,973063,973063,1520430,1520430,https://4.files.edl.io/b10b/01/17/22/013027-286c66bb-c044-439a-aef0-7923d5516cbb.pdf
19647580000000,Los Nietos,Los Angeles,352796,352796,1397107,1397107,3140615,3140615,4890518,4890518,https://4.files.edl.io/7f2b/08/19/24/032759-23e1c16a-7b49-4368-b9d2-82d3352ffcc0.pdf
19647740000000,Lynwood Unified,Los Angeles,4675534,4675534,18515588,18515588,35537377,41621953,58728499,64813075,https://4.files.edl.io/7b5e/05/17/22/001506-fefdb388-8ae8-484a-9725-f83a8b380c87.pdf
19647900000000,Monrovia Unified,Los Angeles,916311,916311,3500974,3500974,7376067,7869983,11793352,12287268,https://legistarweb-production.s3.amazonaws.com/uploads/attachment/pdf/1106099/MUSD_esseriiiexpenditureplan.pdf
19648080000000,Montebello Unified,Los Angeles,8410609,8410609,34369658,34369658,77260968,77260968,120041235,120041235,https://4.files.edl.io/61d5/01/31/24/224028-42547324-3b97-444f-bd2b-e9c11b41ae17.pdf
19648160000000,Mountain View Elementary,Los Angeles,2819897,2819897,11167080,11167080,19822230,25102938,33809207,39089915,https://www.mtviewschools.com/common/pages/GetFile.ashx?key=cAebABT4
19648320000000,Newhall,Los Angeles,755540,755540,2992014,2992014,6725871,6725871,10473425,10473425,
19648400000000,Norwalk-La Mirada Unified,Los Angeles,3522606,3522606,13873017,13873017,31185726,31185726,48581349,48581349,https://resources.finalsite.net/images/v1710349132/nlmusdorg/rpdi6yhffkptymkjeuya/ESSERIIIExpenditurePlan.pdf
19648570000000,Palmdale Elementary,Los Angeles,5650236,5650236,20264427,22808915,33142011,51273098,59056674,79732249,https://4.files.edl.io/f0da/02/06/24/212851-eab743b3-9ee3-4269-aa29-9921e51a5274.pdf
19648570125377,Palmdale Aerospace Academy,Los Angeles,682681,682681,2703485,2703485,4925388,6077276,8311554,9463442,https://www.tpaa.org/pdf/10-2021-ESSER-III-Plan-TPAA-1.pdf
19648650000000,Palos Verdes Peninsula Unified,Los Angeles,229162,229162,907504,907504,2040016,2040016,3176682,3176682,https://4.files.edl.io/b1a5/04/14/22/205125-f6f52570-f068-435f-86cf-afc45b4ceb23.pdf
19648730000000,Paramount Unified,Los Angeles,4279765,4279765,16948305,16948305,38098792,38098792,59326862,59326862,https://www.paramount.k12.ca.us/apps/pages/LCAP
19648810000000,Pasadena Unified,Los Angeles,4639334,4639334,17918289,17918289,40279259,40279259,62836882,62836882,https://web.archive.org/web/20230406043116/https://www.pusd.us/cms/lib/CA01901115/Centricity/Domain/4/board_approved_esseriiiexpenditureplan_rev_2022_01_22_lacoe.pdf
19648810113464,Aveson Global Leadership Academy,Los Angeles,39499,39499,139753,139753,314157,314157,493409,493409,https://drive.google.com/file/d/1bzSv5TFpk1vwaGrTgDELJcU-wx2C68Z1/view
19648810113472,Aveson School of Leaders,Los Angeles,18637,18637,79414,79414,178517,178517,276568,276568,https://drive.google.com/file/d/1B6MAKZviTjHuAal957wn1yDBEuVF5b7Y/view
19648810118075,Learning Works,Los Angeles,58296,58296,209731,209731,471462,471462,739489,739489,https://www.publicworksinc.org/wp-content/uploads/esseriii_expenplanlan_rev011422.pdf
19648810136945,OCS - South,Los Angeles,15423,15423,61077,61077,137298,137298,213798,213798,https://drive.google.com/file/d/1R9Zql4LthSMZgJO5sdmCCy08F_S2Ez2A/view
19649070000000,Pomona Unified,Los Angeles,8429968,8429968,33573395,33573395,55452511,75471016,97455874,117474379,https://4.files.edl.io/a36c/01/18/22/203748-3933002a-e7cf-4bb3-9c00-3d85a0abd185.pdf
19649071996693,School of Arts and Enterprise,Los Angeles,184221,184221,729534,729534,1639950,1639950,2553705,2553705,https://docs.google.com/spreadsheets/d/1X6iF9RdGjkps7TquPtnxOOz9DaVDKt1UELyKdM2RJvY/edit?gid=765301473#gid=765301473
19649310000000,Rosemead Elementary,Los Angeles,724878,724878,2810031,2810031,6316785,6316785,9851694,9851694,https://www.rosemead.k12.ca.us/cms/lib/CA01902711/Centricity/Domain/42/ESSER%20III%20ExpenditurePlan_2021_Rosemead.pdf
19649640000000,San Marino Unified,Los Angeles,255185,255185,1027415,1027415,2264569,2309569,3547169,3592169,https://www.smusd.us/apps/pages/index.jsp?uREC_ID=2646053&type=d&pREC_ID=2274829
19649800000000,Santa Monica-Malibu Unified,Los Angeles,941922,941922,3730108,3730108,8385063,8385063,13057093,13057093,https://simbli.eboardsolutions.com/meetings/TempFolder/Meetings/ESSER%20III%20Expenditure%20Plan_English%20_2089163lrhzc2qhfhg25e1svpha04p.pdf
19649980000000,Saugus Union,Los Angeles,529908,529908,2098491,2098491,4465688,4717285,7094087,7345684,https://wsos-cdn.s3.us-west-2.amazonaws.com/uploads/sites/109/ESSER-III-Expenditure-Plan.pdf
19650290000000,South Pasadena Unified,Los Angeles,237159,237159,1071135,1071135,2407849,2407849,3716143,3716143,https://4.files.edl.io/3f5d/10/13/21/200551-10932deb-4fa1-497c-bfff-fa7314dae49a.pdf
19650370000000,South Whittier Elementary,Los Angeles,987538,987538,3888004,3888004,8740005,8740005,13615547,13615547,https://www.swhittier.k12.ca.us/apps/pages/index.jsp?uREC_ID=55846&type=d&pREC_ID=2200499
19650450000000,Sulphur Springs Union,Los Angeles,739334,739334,3011965,3011965,6770720,6770720,10522019,10522019,https://www.sssd.k12.ca.us/site/handlers/filedownload.ashx?moduleinstanceid=8280&dataid=10455&FileName=SSSD%20ESSER%20III.pdf
19650520000000,Temple City Unified,Los Angeles,698350,698350,2765537,2765537,6216765,6216765,9680652,9680652,https://resources.finalsite.net/images/v1633734675/tcusdnet/nm4jchx5ukoxpnkmbr9b/Item22ESSERIIIPlan10-13-21.pdf
19650600000000,Torrance Unified,Los Angeles,1743612,1743612,6904880,6904880,15521764,15521764,24170256,24170256,https://campussuite-storage.s3.amazonaws.com/prod/484005/2752018e-59b7-11e6-943a-22000bd8490f/2401012/46c0fe3e-bab8-11ec-a6cd-0e44a3a2f20b/file/TUSD%20ESSER%20III%20Expenditure%20Plan.docx.pdf
19650780000000,Valle Lindo Elementary,Los Angeles,158725,158725,628568,628568,1412984,1412984,2200277,2200277,https://4.files.edl.io/94fa/10/05/21/175811-230529b9-3800-4206-99dc-ee9a493ccff5.pdf
19650940000000,West Covina Unified,Los Angeles,1414641,1414641,5602122,5602122,12593240,12593240,19610003,19610003,https://drive.google.com/file/d/1fv8V9AeJ7GLs8PosnSF4_ipeB7CUI_x6/view
19650940112706,California Virtual Academy @ Los Angeles,Los Angeles,640726,640726,2100623,2844285,3535892,6393786,6277241,9878797,
19650946023527,San Jose Charter Academy,Los Angeles,192005,192005,760359,760359,1709242,1709242,2661606,2661606,https://www.sanjosecharteracademy.com/apps/pages/index.jsp?uREC_ID=444729&type=d&pREC_ID=2261418
19651020000000,Westside Union Elementary,Los Angeles,754117,754117,3084631,3084631,6490267,6934068,10329015,10772816,https://resources.finalsite.net/images/v1643138087/westside/bgldxkxxim5dgonwb67v/2021_ESSER_III_Expenditure_Plan_Westside_Union_School_District.pdf
19651280000000,Whittier Union High,Los Angeles,1615063,1615063,6135916,6135916,13793179,13793179,21544158,21544158,https://docs.google.com/document/d/1-zrSIs9-OWlQTClf12ZuyAhs5c_1pHjn/edit?usp=sharing&ouid=111534424762130178995&rtpof=true&sd=true
19651360000000,William S. Hart Union High,Los Angeles,1666670,1666670,6694063,6694063,15047860,15047860,23408593,23408593,https://sites.google.com/hartdistrict.org/hart-district-fiscal-resources
19651510000000,Wilsona Elementary,Los Angeles,551659,551659,2184625,2184625,4102920,4910908,6839204,7647192,https://go.boarddocs.com/ca/wilsona/Board.nsf/files/C7WTM977AB28/$file/2021_ESSER_III%20updated%20for%20board%20approval%20%2010-17-2021.pdf
19734370000000,Compton Unified,Los Angeles,11585599,11585599,45880146,45880146,103135868,103135868,160601613,160601613,https://resources.finalsite.net/images/v1652169299/comptonk12caus/z0jmrtbe2dvebaeyirhj/cusd-esser-iii-expenditure-plan.pdf
19734370115725,Lifeline Education Charter,Los Angeles,231942,231942,928784,928784,2087851,2087851,3248577,3248577,https://4.files.edl.io/7bdc/11/01/21/182955-befee336-9e1b-48dc-8c6e-5a41cda29258.pdf
19734370118760,Barack Obama Charter,Los Angeles,140584,140584,556728,556728,1251492,1251492,1948804,1948804,https://ingeniumschools.org/ibocs/transparency/
19734370132845,Today's Fresh Start-Compton,Los Angeles,228277,228277,859931,859931,1933074,1933074,3021282,3021282,https://4.files.edl.io/09da/11/30/21/175610-1d7f7d09-3f43-4aab-9ebc-4ceecb521c1a.pdf
19734370134338,ISANA Achernar Academy,Los Angeles,182963,182963,724553,724553,1628752,1628752,2536268,2536268,https://web.archive.org/web/20211128001750/https://isanaacademies.org/wp-content/uploads/ISANA-Achernar-Academy-ESSER-III-Expenditure-Plan67.pdf
19734370137240,Ingenium Clarion Charter Middle,Los Angeles,43834,43834,173585,173585,390210,390210,607629,607629,https://ingeniumschools.org/iccms/transparency
19734370137984,Animo Compton Charter,Los Angeles,69330,69330,344211,344211,773766,773766,1187307,1187307,
19734450000000,Hacienda la Puente Unified,Los Angeles,4039906,4039906,15998437,15998437,35963544,35963544,56001887,56001887,https://resources.finalsite.net/images/v1684874597/hlpschoolsorg/kcb257skxvreknexik21/6633286394695684942.pdf
19734520000000,Rowland Unified,Los Angeles,3628873,3628873,14370707,14370707,32304504,32304504,50304084,50304084,https://www.rowlandschools.org/apps/pages/index.jsp?uREC_ID=31254&type=d&pREC_ID=2203343
19734520120600,iQ Academy California-Los Angeles,Los Angeles,118517,118517,595659,597890,1344022,1344022,2058198,2060429,
19734600000000,Walnut Valley Unified,Los Angeles,860843,860843,3409027,3409027,7663291,7663291,11933161,11933161,https://4.files.edl.io/f20b/04/19/22/222116-3cd4810a-a130-49d6-8e50-7c4b1d991452.pdf
19752910000000,San Gabriel Unified,Los Angeles,1011320,1011320,4002474,4002474,8997327,8997327,14011121,14011121,https://4.files.edl.io/847b/02/08/22/172851-e8a76047-c2ed-4a23-9eba-eea7018ab8c5.pdf
19753090000000,Acton-Agua Dulce Unified,Los Angeles,142683,142683,687025,687025,1544393,1544393,2374101,2374101,https://www.aadusd.k12.ca.us/cms/lib/CA02214749/Centricity/Domain/21/2021_ESSER_III_Expenditure_Plan.pdf
19753090135145,Compass Charter Schools of Los Angeles,Los Angeles,86610,86610,443017,443017,995875,995875,1525502,1525502,https://www.compasscharters.org/wp-content/uploads/2021/09/ESSER-III-Expenditure-Plan-CCS-of-Los-Angeles.pdf
19753330000000,Manhattan Beach Unified,Los Angeles,110887,110887,441889,441889,993340,993340,1546116,1546116,https://4.files.edl.io/61ff/01/12/22/222118-7ebebdcd-da5c-4098-b79d-506818d917fd.pdf
19753410000000,Redondo Beach Unified,Los Angeles,359255,359255,1422687,1422687,3198116,3198116,4980058,4980058,https://4.files.edl.io/bd79/06/16/23/055943-78dead4e-c300-476c-b15d-2615e7d7ba20.pdf
19757130000000,Alhambra Unified,Los Angeles,3923247,3923247,15536455,15536455,34925036,34925036,54384738,54384738,https://drive.google.com/file/d/1JQlf4uNPvXTcN-98ay284P-ueeKCLIIb/view
19768690000000,Wiseburn Unified,Los Angeles,241699,241699,868122,868122,1951488,1951488,3061309,3061309,https://resources.finalsite.net/images/v1644870904/wiseburnk12caus/j6pztvxcn5zfwhjbuhso/ESSER_III_Expenditure_Plan_2021_WUSD.pdf
19768690119016,Da Vinci Science,Los Angeles,57973,57973,229580,229580,516083,516083,803636,803636,https://www.davincischools.org/wp-content/uploads/2022/04/DVS_2021_ESSER_III_Expenditure_Plan_Da_Vinci_Science_20211026.pdf
19768690119636,Da Vinci Design,Los Angeles,73156,73156,289704,289704,651238,651238,1014098,1014098,https://www.davincischools.org/wp-content/uploads/2022/04/DVD_2021_ESSER_III_Expenditure_Plan_Da_Vinci_Design_20211026.pdf
19768690128728,Da Vinci Connect,Los Angeles,32591,32591,130238,130238,292768,292768,455597,455597,https://www.davincischools.org/wp-content/uploads/2022/04/Connect_2021_ESSER_III_Expenditure_Plan_Da_Vinci_Connect_20211026.pdf
19768690131128,Da Vinci Communications,Los Angeles,50011,50011,232402,232402,522426,522426,804839,804839,https://www.davincischools.org/wp-content/uploads/2022/04/DVC_2021_ESSER_III_Expenditure_Plan_Da_Vinci_Communications_20211026.pdf
19769680109926,Academia Avance Charter,Los Angeles,140836,140836,557725,557725,1253733,1253733,1952294,1952294,https://4.files.edl.io/98d8/06/14/23/033417-c623cb81-4bae-4f47-8c7a-5b9a3142a2b8.pdf
19769920133900,Prepa Tec Los Angeles High,Los Angeles,89901,89901,369562,369562,0,830754,459463,1290217,
19772890109942,Los Angeles College Prep Academy,Los Angeles,52831,52831,198664,198664,446584,446584,698079,698079,https://4.files.edl.io/445f/04/13/22/231208-daaaec98-2c37-4d2e-90ba-6866434ec3d1.docx
20102070000000,Madera County Superintendent of Schools,Madera,223125,223125,1196079,1196079,1451098,2688716,2870302,4107920,https://web.archive.org/web/20240516154028/https://www.mcsos.org/cms/lib/CA01001244/Centricity/Domain/4/MCSOS%20Approved%20ESSER%20III%20Ependiture%20Plan.pdf
20651770000000,Alview-Dairyland Union Elementary,Madera,88575,88575,379896,379896,853984,853984,1322455,1322455,https://www.adusd.k12.ca.us/cms/lib/CA02215160/Centricity/ModuleInstance/8/ESSER%20III%20Expenditure%20Plan%20-%20Alview-Dairyland%20Union%20School%20District.pdf
20651850000000,Bass Lake Joint Union Elementary,Madera,229245,229245,1749417,1749417,3932587,3932587,5911249,5911249,https://web.archive.org/web/20220305114022/https://www.basslakeschooldistrict.com/cms/lib/CA02209339/Centricity/ModuleInstance/19/10-13-21%20ESSER%203%20Expenditure%20Plan%20Template%20and%20Instructions%20-%20Federal%20Stimulus%20Funding.pdf
20651930000000,Chowchilla Elementary,Madera,793056,793056,3053212,3053212,3651399,6863440,7497667,10709708,https://chowkids.com/files/user/1/file/12.8.21-ESSER-3-Plan-Updated.pdf
20652010000000,Chowchilla Union High,Madera,391387,391387,1408077,1408077,3165274,3165274,4964738,4964738,https://4.files.edl.io/e5a2/02/16/22/011113-872752b6-3d8e-459b-9d81-fc1b520f0d44.pdf
20652430000000,Madera Unified,Madera,7079582,7079582,30562526,30562526,68702759,68702759,106344867,106344867,https://www.madera.k12.ca.us/site/handlers/filedownload.ashx?moduleinstanceid=35611&dataid=41244&FileName=Madera%20Unified%20-%20ESSER%20III%20Expenditure%20Plan.pdf
20652760000000,Raymond-Knowles Union Elementary,Madera,22074,22074,93539,93539,210271,210271,325884,325884,https://ca02206068.schoolwires.net/cms/lib/CA02206068/Centricity/Domain/29/2021_ESSER_III_Expenditure_Plan_Raymond-Knowles_Union_Elementary_School_District_20220414.pdf
20755800000000,Golden Valley Unified,Madera,175482,175482,790079,790079,1776052,1776052,2741613,2741613,https://drive.google.com/file/d/1uJwvOH3F2wE8GyRA5MLzglnL0W1VQP2T/view
20756060000000,Chawanakee Unified,Madera,128100,128100,535677,535677,1204171,1204171,1867948,1867948,https://4.files.edl.io/5e7a/01/30/23/231424-12787ff6-4bb6-4069-b1f9-907f604154bf.pdf
20764140000000,Yosemite Unified,Madera,425364,425364,1625107,1625107,3653144,3653144,5703615,5703615,https://4.files.edl.io/d42d/05/10/24/184252-b3756e57-6872-4268-862f-9c453ad42165.pdf
21102150000000,Marin County Office of Education,Marin,121126,121126,479672,479672,1078275,1078275,1679073,1679073,https://go.boarddocs.com/ca/marinschools/Board.nsf/files/C7K6PY6C9199/$file/MCOE%20ESSER%20III%20EXPENDITURE%20PLAN%20.pdf
21102150135350,Ross Valley Charter,Marin,11315,11315,50825,50825,114251,114251,176391,176391,
21653000000000,Bolinas-Stinson Union,Marin,26503,26503,14471,14471,32531,32531,73505,73505,
21653180000000,Miller Creek Elementary,Marin,98865,98865,216522,216522,486728,486728,802115,802115,https://agendaonline.net/public/Meeting.aspx?AgencyID=178&MeetingID=85003&AgencyTypeID=1&IsArchived=False
21653340000000,Kentfield Elementary,Marin,24570,24570,106277,106277,238905,238905,369752,369752,https://www.kentfieldschools.org/site-search/?q=esser
21653420000000,Laguna Joint Elementary,Marin,1030,1030,3706,3706,8332,8332,13068,13068,
21653590000000,Lagunitas Elementary,Marin,5208,5208,NA,NA,NA,NA,5208,5208,
21653670000000,Larkspur-Corte Madera,Marin,61868,61868,167613,167613,376783,376783,606264,606264,
21653910000000,Mill Valley Elementary,Marin,76881,76881,304456,304456,684400,684400,1065737,1065737,https://www.mvschools.org/domain/934
21654170000000,Novato Unified,Marin,606023,606023,2399914,2399914,5394866,5394866,8400803,8400803,
21654250000000,Reed Union Elementary,Marin,46283,46283,157662,157662,354414,354414,558359,558359,https://www.reedschools.org/Page/2179
21654330000000,Ross Elementary,Marin,16756,16756,NA,NA,NA,NA,16756,16756,
21654580000000,San Rafael City Elementary,Marin,566883,566883,2244914,2244914,5046435,5046435,7858232,7858232,https://drive.google.com/file/d/1YPfqKBJVn_ezEdEaxigkaExc6PmIUDol/view
21654660000000,San Rafael City High,Marin,242985,242985,930956,930956,2092735,2092735,3266676,3266676,https://drive.google.com/file/d/1cHmUF4y8U8PsIO7jNgJx4RaNAERKMgtX/view
21654740000000,Sausalito Marin City,Marin,110823,110823,376553,376553,846469,846469,1333845,1333845,
21654746118491,Willow Creek Academy Charter,Marin,46754,46754,185149,185149,416204,416204,648107,648107,
21654820000000,Tamalpais Union High,Marin,104047,104047,406810,406810,914484,914484,1425341,1425341,
21733610000000,Shoreline Unified,Marin,62074,62074,130917,130917,294294,294294,487285,487285,https://shorelineunified.diligent.community/document/bd5bbdd3-222a-467d-b25c-ed4e078c5c94/
21750020000000,Ross Valley Elementary,Marin,53830,53830,207770,207770,467054,467054,728654,728654,https://go.boarddocs.com/ca/rova/Board.nsf/files/C7LR656C6960/$file/ESSER%203%20Expenditure%20Plan%20Template%20and%20Instructions%20-%20Federal%20Stimulus%20Funding%20(CA%20Dept%20of%20Education).pdf
22102230000000,Mariposa County Office of Education,Mariposa,12710,12710,243029,243029,546314,546314,802053,802053,https://www.mcusd.org/files/user/136/file/ESSER-III-Mariposa-COE-2021-2022(1).pdf
22655320000000,Mariposa County Unified,Mariposa,519781,519781,2054488,2054488,4616286,4618369,7190555,7192638,https://www.mcusd.org/files/user/136/file/ESSER-III-Mariposa-Unified-2021-2022.pdf
22655320125823,Sierra Foothill Charter,Mariposa,17081,17081,68994,68994,155095,155095,241170,241170,
23102310000000,Mendocino County Office of Education,Mendocino,156396,156396,615188,615188,1164212,1382906,1935796,2154490,https://campussuite-storage.s3.amazonaws.com/prod/1559201/c3d2e98e-97aa-11ee-ae85-0a58a9feac02/2731907/7e4b5cac-be9c-11ee-a833-0e344c2ccefb/file/2021_ESSER_III_Expenditure_Plan_Mendocino_County_Office_of_Education_20220322%20(1)(2).pdf
23655400000000,Anderson Valley Unified,Mendocino,133661,133661,507304,507304,1140388,1140388,1781353,1781353,https://4.files.edl.io/41b2/05/17/23/013047-a02cffcb-796c-4583-a82c-0cd27cccd5ce.pdf
23655570000000,Arena Union Elementary,Mendocino,76044,76044,301141,301141,676948,676948,1054133,1054133,https://pointarenaschools.org/wp-content/uploads/2023/02/ESSER-III-Expenditure-Plan_AUESD.pdf
23655650000000,Fort Bragg Unified,Mendocino,539603,539603,2136882,2136882,4803585,4803585,7480070,7480070,https://drive.google.com/file/d/1_gWtHdQF1NVg-O18h_VCuT0cyt6bdC8V/view
23655650123737,Three Rivers Charter,Mendocino,26439,26439,104701,104701,235361,235361,366501,366501,https://drive.google.com/file/d/13vp1iMfZSNbs4l51d9G6TX3QXmLJqL3W/view
23655730000000,Manchester Union Elementary,Mendocino,17048,17048,61332,61332,137870,137870,216250,216250,
23655810000000,Mendocino Unified,Mendocino,32223,32223,274303,274303,616617,616617,923143,923143,https://www.mendocinousd.org/files/page/2999/122321_MUSD_ESSER_III_Plan.pdf
23655990000000,Point Arena Joint Union High,Mendocino,35237,35237,162636,162636,365596,365596,563469,563469,https://pointarenaschools.org/wp-content/uploads/2023/02/ESSER-III-Expenditure-Plan_PAJUHSD.pdf
23656070000000,Round Valley Unified,Mendocino,220486,220486,793235,793235,1783145,1783145,2796866,2796866,https://www.roundvalleyschools.org/cms/lib/CA02206176/Centricity/Domain/4/ESSER%20III%20Expendituer%20Plan%2011.18.21.pdf
23656072330272,Eel River Charter,Mendocino,20641,20641,81740,81740,183747,183747,286128,286128,https://www.eelriverschool.net/sys/search?q=esser
23656150000000,Ukiah Unified,Mendocino,1444844,1444844,5782481,5782481,12998677,12998677,20226002,20226002,https://drive.google.com/file/d/1O5iuDJM4EsWJnCzFj3h8wQVr5Us1nl4E/view
23656150115055,River Oak Charter,Mendocino,37674,37674,132500,132500,297853,297853,468027,468027,https://www.riveroakcharterschool.org/wp-content/uploads/2022/04/2021_ESSER_III_Expenditure_Plan_River_Oak_Charter_School_20211007.pdf
23656152330413,Redwood Collegiate Academy,Mendocino,24012,24012,99352,99352,223338,223338,346702,346702,https://aaacademy.org/files/page/1506/2021_ESSER_III_Expenditure_Plan_Redwood_Academy_of_Ukiah_20211227_rev.pdf
23656152330454,Sequoia Career Academy,Mendocino,42528,42528,168417,168417,378591,378591,589536,589536,
23656156117386,Tree of Life Charter,Mendocino,16469,16469,59249,59249,133188,133188,208906,208906,https://static1.squarespace.com/static/5412157de4b0f4a688c2875b/t/61ba5f0859170d66ee3556ca/1639603976921/2021_ESSER_III_Expenditure_Plan_Tree_of_Life_Charter_School_20211026+%281%29.pdf
23656230000000,Willits Unified,Mendocino,379642,379642,1758458,1758458,3722922,3952910,5861022,6091010,https://core-docs.s3.amazonaws.com/documents/asset/uploaded_file/1632884/2021_ESSER_III_Expenditure_Plan_Willits_Unified_School_District_20211007.pdf
23656230125658,Willits Elementary Charter,Mendocino,32323,32323,118247,118247,265811,265811,416381,416381,https://img1.wsimg.com/blobby/go/66de7bbc-26ca-4d6e-b8cd-a25c29faf2ff/downloads/WECS%20esseriiiexpenditureplan.pdf?ver=1726674458263
23656232330363,Willits Charter,Mendocino,30800,30800,110807,110807,249088,249088,390695,390695,https://static1.squarespace.com/static/55be96d3e4b05cc8300717c8/t/624b12c930189f657b8e3a70/1649087177748/WCS+esseriiiexpenditureplan.pdf
23738660000000,Potter Valley Community Unified,Mendocino,92534,92534,332907,332907,748354,748354,1173795,1173795,http://www.pottervalleyschools.us/uploads/1/1/1/4/11143652/2021_esser_iii_expenditure_plan_potter_valley_community_unified_school_district_20220103.pdf
23739160000000,Laytonville Unified,Mendocino,150910,150910,597619,597619,1343412,1343412,2091941,2091941,https://core-docs.s3.amazonaws.com/documents/asset/uploaded_file/1832252/ESSER_III_Expenditure_Plan.pdf
23752180000000,Leggett Valley Unified,Mendocino,24773,24773,84175,84175,189220,189220,298168,298168,
24102490000000,Merced County Office of Education,Merced,569012,569012,2201942,2201942,4949837,4949837,7720791,7720791,https://resources.finalsite.net/images/v1686671313/mcoeorg/quzfprtfrcnqxyksrbnm/2022_ESSER_III_Expenditure_Plan_Merced_County_Office_of_Education_20230613.pdf
24656310000000,Atwater Elementary,Merced,1691799,1691799,6699695,6699695,8297024,15060521,16688518,23452015,
24656490000000,Ballico-Cressey Elementary,Merced,127814,127814,530237,530237,616686,1191941,1274737,1849992,
24656800000000,El Nido Elementary,Merced,48827,48827,202510,202510,455230,455230,706567,706567,https://www.elnidoschool.org/files/user/3/file/2021_ESSER_III_Expenditure_Plan_El_Nido_Elementary_School_20211004.pdf
24656980000000,Hilmar Unified,Merced,324331,324331,1605932,1605932,3202527,3610040,5132790,5540303,https://s3.amazonaws.com/scschoolfiles/3284/2022_esser_iii_expenditure_plan_hilmar_unified_school_district_20240322.pdf
24657220000000,Le Grand Union Elementary,Merced,167226,167226,667040,667040,1499467,1499467,2333733,2333733,https://core-docs.s3.amazonaws.com/documents/asset/uploaded_file/1944845/2021_LeGrand_Elementary_ESSER_III_Expenditure_Plan--Board_Approved--12.8.21.pdf
24657300000000,Le Grand Union High,Merced,284327,284327,1158132,1158132,2580279,2603412,4022738,4045871,https://4.files.edl.io/794b/04/11/22/173036-ff78a86b-6c40-4440-8c45-b815bc2d01af.pdf
24657480000000,Livingston Union,Merced,773683,773683,3063863,3063863,6887384,6887384,10724930,10724930,https://4.files.edl.io/1ae7/12/01/21/001838-5a9f704a-1f52-4d68-9e5b-37b30205580a.pdf
24657550000000,Los Banos Unified,Merced,3038797,3038797,11909170,11909170,26771112,26771112,41719079,41719079,https://core-docs.s3.amazonaws.com/documents/asset/uploaded_file/2838/LBUSD/2196210/2021_ESSER_III_Expenditure_Plan_LBUSD_Updated_12_9_21.pdf
24657630000000,McSwain Union Elementary,Merced,111114,111114,590952,590952,1328426,1328426,2030492,2030492,https://4.files.edl.io/8c82/04/18/22/165648-7ea16d23-6148-471f-9af9-58c91c357554.pdf
24657710000000,Merced City Elementary,Merced,5117557,5117557,20266043,20266043,45044062,45556873,70427662,70940473,https://www.mcsd.k12.ca.us/District/Portal/esserfunds
24657890000000,Merced Union High,Merced,3475764,3475764,13863914,13863914,31165262,31165262,48504940,48504940,https://go.boarddocs.com/ca/muhsd/Board.nsf/files/C7QUQZ7D3C2A/$file/2021%20ESSER%20III%20Expenditure%20Plan.pdf
24658130000000,Plainsburg Union Elementary,Merced,19751,19751,110708,110708,248865,248865,379324,379324,https://drive.google.com/file/d/1exAMPixpACB2rf8LvRnLdQ0pANKj3gDt/view
24658210000000,Planada Elementary,Merced,379523,379523,1661953,1661953,3727886,3735972,5769362,5777448,https://4.files.edl.io/dc26/10/26/21/151251-08f02ce3-6bf2-4db0-9e60-486a79aed164.pdf
24658390000000,Snelling-Merced Falls Union Elementary,Merced,26048,26048,94411,94411,212229,212229,332688,332688,
24658620000000,Weaver Union,Merced,1123025,1123025,4512877,4512877,7659871,10144682,13295773,15780584,https://core-docs.s3.amazonaws.com/documents/asset/uploaded_file/1634764/ESSER_III_Expenditure_Plan.pdf
24658700000000,Winton,Merced,559710,559710,2511497,2511497,2829705,5645697,5900912,8716904,https://winton.k12.ca.us/files/user/2/file/WSD_ESSER_III_Expenditure_Plan.pdf
24736190000000,Gustine Unified,Merced,660083,660083,2613996,2613996,3786679,5876110,7060758,9150189,https://core-docs.s3.amazonaws.com/documents/asset/uploaded_file/1662785/2021_ESSER_III_Expenditure_Plan_Gustine_Unified_School_District_11-3-2021.pdf
24737260000000,Merced River Union Elementary,Merced,31245,31245,125521,125521,282163,282163,438929,438929,https://4.files.edl.io/91f1/01/04/22/195925-abcd83e2-6765-4e23-9cc0-edb9f58a5d6a.pdf
24753170000000,Dos Palos Oro Loma Joint Unified,Merced,880837,880837,3324484,3324484,7175691,7473245,11381012,11678566,https://4.files.edl.io/b537/10/25/21/231633-55d42939-8a51-4229-91cb-68a81501ceeb.pdf
24753660000000,Delhi Unified,Merced,801211,801211,3612470,3612470,8120620,8120620,12534301,12534301,https://core-docs.s3.amazonaws.com/documents/asset/uploaded_file/790/Delhi_USD/2165046/Delhi_ESSER_III_Plan__Revised_12-9-2021__1_.pdf
25102560000000,Modoc County Office of Education,Modoc,2838,2838,10210,10210,22951,22951,35999,35999,
25658960000000,Surprise Valley Joint Unified,Modoc,36540,36540,80176,124155,128042,279094,244758,439789,https://drive.google.com/file/d/1s2Ek-BbiUWexmA0Ua4-j85J57hBhpdgl/view
25735850000000,Modoc Joint Unified,Modoc,251629,251629,1061821,1061821,2386910,2386910,3700360,3700360,https://core-docs.s3.amazonaws.com/documents/asset/uploaded_file/3048/MJUSD/2940270/ESSER_III_expenditure_plan.pdf
25735930000000,Tulelake Basin Joint Unified,Modoc,133106,133106,690844,690844,1295036,1552978,2118986,2376928,https://core-docs.s3.amazonaws.com/documents/asset/uploaded_file/1996116/2021_ESSER_III_Expenditure_Plan_Tulelake_Basin_Joint_Unified_School_District_20220408.pdf
26736680000000,Eastern Sierra Unified,Mono,157076,157076,565369,565369,1270916,1270916,1993361,1993361,
26736920000000,Mammoth Unified,Mono,97837,97837,387443,387443,870948,870948,1356228,1356228,
27102720000000,Monterey County Office of Education,Monterey,255596,255596,955217,955217,2147273,2147273,3358086,3358086,
27102720116491,Open Door Charter,Monterey,0,0,NA,NA,NA,NA,0,0,
27102720124297,Bay View Academy,Monterey,49442,49442,203299,203299,457003,457003,709744,709744,https://drive.google.com/file/d/1geaz-f7Wyq6l19g4QdQcRZPMIQTSmFpM/view
27102726119663,Oasis Charter Public,Monterey,50027,50027,182069,182069,409281,409281,641377,641377,
27659610000000,Alisal Union,Monterey,1818393,1818393,8076186,8076186,18154791,18154791,28049370,28049370,https://web.archive.org/web/20240626170754/https://www.alisal.org/cms/lib/CA02215153/Centricity/Domain/213/ESSER%20III%20Expenditure%20Plan%20for%20Alisal%20Union%20School%20District.10-27-21.pdf
27659790139980,Virtual Preparatory Academy at Monterey,Monterey,0,0,NA,NA,NA,NA,0,0,
27659870000000,Carmel Unified,Monterey,150476,150476,1077381,1077381,2421889,2421889,3649746,3649746,https://web.archive.org/web/20230328122718/https://www.carmelunified.org/site/handlers/filedownload.ashx?moduleinstanceid=10004&dataid=25922&FileName=2021ESSERIIIExpenditurePlanCarmelUnifiedSchoolDistrict20211007.pdf
27659950000000,Chualar Union,Monterey,52243,52243,328043,328043,737422,737422,1117708,1117708,
27660350000000,Greenfield Union Elementary,Monterey,866339,866339,3276760,3276760,7365964,7365964,11509063,11509063,https://web.archive.org/web/20220524153546/https://www.greenfield.k12.ca.us/_files/ugd/47cce8_0eebbf971a154fea90660c0d1f48c122.pdf
27660500000000,King City Union,Monterey,720823,720823,3205979,3205979,6817717,7206853,10744519,11133655,https://drive.google.com/file/d/1wyjVfOHkmmTVvvRitSao0EgoeSRrg4TV/view
27660680000000,South Monterey County Joint Union High,Monterey,522292,522292,2150770,2150770,4834804,4834804,7507866,7507866,
27660920000000,Monterey Peninsula Unified,Monterey,1610135,1610135,7808973,7808973,17554111,17554111,26973219,26973219,https://go.boarddocs.com/ca/mpusd/Board.nsf/files/C7YVGD80A811/$file/2021_10_26%20MPUSD%20ESSER%20III%20-%20Board%20of%20Education.docx.pdf
27661340000000,Pacific Grove Unified,Monterey,105403,105403,558989,558989,1256574,1256574,1920966,1920966,https://www.pgusd.org/documents/Departments/Curriculum/LCAP/2021_ESSER_III_Expenditure_Plan_Pacific_Grove_Unified_School_District_20211020.pdf
27661420000000,Salinas City Elementary,Monterey,1887955,1887955,9063473,9063473,19961844,20374154,30913272,31325582,https://resources.finalsite.net/images/v1697751257/salinascityesdorg/j8puazdzdtllbjzt21iq/ESSER_III.pdf
27661590000000,Salinas Union High,Monterey,3014904,3014904,14164485,14164485,29109214,31840928,46288603,49020317,https://www.salinasuhsd.org/documents/Departments/Instructional-Services/ESSER-III-Plan/ESSER-III-Expenditure-Plan-10.26.21.pdf
27661670000000,San Antonio Union Elementary,Monterey,37574,37574,148795,148795,334483,334483,520852,520852,
27661750000000,San Ardo Union Elementary,Monterey,96401,96401,361277,361277,812130,812130,1269808,1269808,
27661830000000,San Lucas Union Elementary,Monterey,89335,89335,321398,321398,722484,722484,1133217,1133217,https://www.sanlucasschool.com/files/user/2/file/2021_ESSER_III_Expenditure_Plan_San_Lucas_Elementary_School_20211009.pdf
27661910000000,Santa Rita Union Elementary,Monterey,377970,377970,2059899,2059899,4630531,4630531,7068400,7068400,https://4.files.edl.io/db33/11/03/22/223428-42218f7d-899b-4265-84c1-aac6e894e1de.pdf
27662250000000,Spreckels Union Elementary,Monterey,54916,54916,198125,198125,445374,445374,698415,698415,https://www.spreckelsdistrict.org/documents/Our-District/LCAP/2021_ESSER_III_Expenditure_Plan_SUSD.pdf
27662330000000,Washington Union Elementary,Monterey,31871,31871,165511,165511,372058,372058,569440,569440,https://www.washingtonusd.org/about-us/esser-iii-expenditure-plan/overview
27754400000000,Soledad Unified,Monterey,708087,708087,2804098,2804098,5343183,6303446,8855368,9815631,https://drive.google.com/file/d/1NpgPFD4Wd-Nh30GCk_n9NsvIiKFT5nSm/view
27754730000000,Gonzales Unified,Monterey,453863,453863,1698255,1698255,3817578,3817578,5969696,5969696,https://drive.google.com/file/d/14PdShBR8HZFnV3hq9XCdZAbuh4mWwM09/view
28102800000000,Napa County Office of Education,Napa,50008,50008,179912,179912,404432,404432,634352,634352,
28662410000000,Calistoga Joint Unified,Napa,93914,93914,325312,325312,731281,731281,1150507,1150507,https://core-docs.s3.us-east-1.amazonaws.com/documents/asset/uploaded_file/4644/cjusd/4492835/ESSER_III_Expenditure_Plan.pdf
28662580000000,Howell Mountain Elementary,Napa,10771,10771,71825,71825,161459,161459,244055,244055,https://www.pvk8.org/accnt_354612/site_354613/Documents/ESSER-III-Expenditure-Plan.pdf
28662660000000,Napa Valley Unified,Napa,1359023,1359023,5485916,5485916,12332017,12332017,19176956,19176956,https://www.agendaonline.net/public/Meeting/Attachments/DisplayAttachment.aspx?AttachmentID=1350560&IsArchive=0
28662900000000,Saint Helena Unified,Napa,180079,180079,862701,862701,1939302,1939302,2982082,2982082,https://www.sthelenaunified.org/cms/lib/CA50000465/Centricity/Domain/63/ESSER%20III%20Expediture%20Plan%204.pdf
29102980000000,Nevada County Office of Education,Nevada,286064,286064,1085396,1085396,2439906,2439906,3811366,3811366,https://nevco.org/wp-content/uploads/2022/01/NCSoS-Brd.-Approved.ESSER-III-Expenditure-Plan.pdf
29102980114330,Nevada City School of the Arts,Nevada,73139,73139,266117,266117,598216,598216,937472,937472,https://ncsota.org/wp-content/uploads/2022/04/FINAL-2021_ESSER_III_Expenditure_Plan_Nevada_City_School_of_the_Arts_20220104.pdf
29663240000000,Clear Creek Elementary,Nevada,19813,19813,113860,113860,255950,255950,389623,389623,http://clearcreekschool.com/wp-content/uploads/2021/10/2021_ESSER_III_Expenditure_Plan_Clear_Creek_Elementary_School_20210930.pdf
29663320000000,Grass Valley Elementary,Nevada,553909,553909,1996337,1996337,4113791,4487648,6664037,7037894,https://drive.google.com/file/d/1-e2dlvLonyLtoboXbnBAPyg8sOfH8jgo/view
29663400000000,Nevada City Elementary,Nevada,95613,95613,409092,409092,919616,919616,1424321,1424321,
29663570000000,Nevada Joint Union High,Nevada,286782,286782,1167943,1167943,2625468,2625468,4080193,4080193,https://www.njuhsd.com/documents/2021_ESSER_III_Expenditure_Plan_Nevada_Joint_Union_High_School_District_20220411.pdf
29663570124834,Sierra Academy of Expeditionary Learning,Nevada,21845,21845,90782,90782,204073,204073,316700,316700,https://nevco.org/wp-content/uploads/2022/01/2021_ESSER_III_FINAL.Expenditure_Plan_Sierra_Academy_of_Expeditionary_Learning_20211210.pdf
29663730000000,Pleasant Ridge Union Elementary,Nevada,134373,134373,624569,624569,1403993,1403993,2162935,2162935,https://4.files.edl.io/4b17/10/13/21/160825-eb853e24-caeb-41f2-b1a0-ffbb6b14294b.pdf
29664150000000,Twin Ridges Elementary,Nevada,64344,64344,473883,473883,1024130,1065261,1562357,1603488,https://www.twinridgeselementary.com/_files/ugd/8f3ce8_b503de3e7fa84b5c9ada20a4c455cbc7.pdf
29768770000000,Penn Valley Union Elementary,Nevada,197461,197461,772527,772527,1736595,1736595,2706583,2706583,https://nevco.org/wp-content/uploads/2022/01/PVUESD.2021_ESSER_III_Expenditure_Plan_Penn_Valley_Union_Elementary_School_District_20211027-2.pdf
30103060000000,Orange County Department of Education,Orange,2379302,2379302,9422278,9422278,21180727,21180727,32982307,32982307,https://ocde.us/ACCESS/Documents/OCDE%20ESSER%20III%20Expenditure%20Plan%20-%20adopted%20by%20OCBE%2010.6.2021.pdf
30103060126037,Samueli Academy,Orange,128645,128645,514078,514078,1155616,1155616,1798339,1798339,https://samueliacademy.org/wp-content/uploads/2021/10/10.26.21_ESSER-III-EP.pdf
30103060132613,Vista Heritage Global Academy,Orange,104567,104567,488188,488188,1097418,1097418,1690173,1690173,
30103060133785,Oxford Preparatory Academy - Saddleback Valley,Orange,10650,10650,49251,49251,110712,110712,170613,170613,https://drive.google.com/file/d/1qECQE4Bk1foOnHXiUrl5lsQNfqk9fXuQ/view
30103060133959,Unity Middle College High,Orange,19338,19338,76579,76579,172144,172144,268061,268061,
30103060133983,Ednovate - Legacy College Prep.,Orange,63732,63732,310880,310880,698840,698840,1073452,1073452,https://static1.squarespace.com/static/5e5ecb339f571251433c5f83/t/6195912b53a4612ae7355940/1637191979639/Legacy+_esseriiiexpenditureplan.docx_2021.docx+%281%29+%281%29.pdf
30103060134056,Orange County Academy of Sciences and Arts,Orange,6144,6144,26520,26520,59614,59614,92278,92278,
30103060134288,Scholarship Prep - Orange County,Orange,118464,118464,561412,561412,1262020,1262020,1941896,1941896,https://web.archive.org/web/20230319060419/https://santa-ana.scholarshipschools.org/download/618c496e72db1.pdf
30103060134940,Citrus Springs Charter,Orange,58753,58753,232669,232669,523027,523027,814449,814449,https://springscs.org/wp-content/uploads/2021/12/ESSER-lll-Plan-Approval-Letter-Citrus-Springs-Charter.pdf
30103060137000,Vista Condor Global Academy,Orange,70125,70125,393351,393351,884229,884229,1347705,1347705,
30103060137976,Tomorrow's Leadership Collaborative (TLC) Charter,Orange,26746,26746,106878,106878,240255,240255,373879,373879,https://tlccharter.org/wp-content/uploads/2021/11/REVISED-TLC-ESSER-III-EP.pdf
30103060139352,Sycamore Creek Community Charter,Orange,8744,8744,34942,34942,78547,78547,122233,122233,https://sycamorecreekcharter.org/wp-content/uploads/2021/11/SCCCS-ESSER-III-Expenditure-Plan_Final_approved_FINAL.pdf
30103060139469,International School for Science and Culture,Orange,22036,22036,88056,88056,197946,197946,308038,308038,https://drive.google.com/file/d/1h-MSbuUkQu-JZzdteg7BXu8h1YvIxwNf/view
30103063030723,OCSA,Orange,44345,44345,162312,162312,364868,364868,571525,571525,https://www.ocsarts.net/Portals/0/PDFs/Business%20Office/Board%20of%20Trustees%20Minutes/21-OCSA-esseriii-expenditureplan-boardapproved.pdf?ver=2021-12-17-142809-410
30647660000000,Lowell Joint,Orange,257419,257419,1086749,1086749,2442948,2442948,3787116,3787116,https://www.ljsd.org/documents/Departments/Educational-Services/LCAP/ESSR%20III%20Expenditure%20Plan.pdf
30664230000000,Anaheim Elementary,Orange,4705080,4705080,19335249,19335249,43464502,43464502,67504831,67504831,https://drive.google.com/file/d/1HqltVi0JSbMHoc0YCkDi6i5mJF30lTL3/view
30664230131417,Vibrant Minds Charter,Orange,51994,51994,207469,207469,466377,466377,725840,725840,https://www.vibrantminds.us/uploads/1/0/2/8/102842898/esser_iii_expenditure_plan_for_vibrant_minds_charter_school.pdf
30664236027379,Palm Lane Global Academy,Orange,83954,83954,348185,348185,782700,782700,1214839,1214839,
30664310000000,Anaheim Union High,Orange,6944539,6944539,28792891,28792891,50790842,64724724,86528272,100462154,https://www.auhsd.us/files/user/1/file/AUHSD_ESSER_III_plan.pdf
30664490000000,Brea-Olinda Unified,Orange,325449,325449,1324085,1324085,2976466,2976466,4626000,4626000,https://simbli.eboardsolutions.com/meetings/TempFolder/Meetings/ESSER%20III%20Expenditure%20Plan%20Services_1796933lrhzc2qhfhg25e1svpha04p.pdf
30664560000000,Buena Park Elementary,Orange,1161364,1161364,4878262,4878262,10955047,10966046,16994673,17005672,https://4.files.edl.io/accd/04/15/22/151334-8c3c1f1d-cee3-413d-bdbf-0d7287bdd525.pdf
30664640000000,Capistrano Unified,Orange,3961970,3961970,15730688,15730688,35361662,35361662,55054320,55054320,https://www.capousd.org/documents/District/Budget-and-LCAP/6626569940852579178.pdf
30664640124743,Oxford Preparatory Academy - South Orange County,Orange,12698,12698,60616,60616,136261,136261,209575,209575,https://drive.google.com/file/d/19CbVmIeo1i-bs8cRwlHdrU6vd4_TCFp2/view
30664640140061,OCASA College Prep,Orange,0,0,0,0,0,0,0,0,
30664646117758,Journey,Orange,24585,24585,98473,98473,221361,221361,344419,344419,https://www.journeyschool.net/wp-content/uploads/JS-esseriiiexpenditureplan.11_8-2021.pdf
30664720000000,Centralia Elementary,Orange,658594,658594,2608100,2608100,5862856,5862856,9129550,9129550,https://www.cesd.us/ourpages/auto/2021/9/2/49281808/1AgendaOCTOBERPOSTING1.pdf
30664800000000,Cypress Elementary,Orange,244248,244248,1064889,1064889,2393809,2393809,3702946,3702946,https://4.files.edl.io/9f75/10/27/21/162336-28b653ee-8068-4347-9739-b5e86a48e77f.pdf
30664980000000,Fountain Valley Elementary,Orange,370561,370561,1481854,1481854,3331120,3331120,5183535,5183535,https://4.files.edl.io/83de/11/29/21/164714-9388cb34-b697-4dba-ad0a-d317c9d3d4b7.pdf
30665060000000,Fullerton Elementary,Orange,2262194,2262194,9359918,9359918,21040545,21040545,32662657,32662657,
30665140000000,Fullerton Joint Union High,Orange,2091823,2091823,8283831,8283831,18154497,18621564,28530151,28997218,https://www.fjuhsd.org/cms/lib/CA02000098/Centricity/Domain/1473/2021_ESSER_III_Expenditure_Plan_Fullerton_Joint_Union_High_School_District_Revised%2012-9-21.pdf
30665220000000,Garden Grove Unified,Orange,11903967,11903967,49516750,49516750,106895164,111310740,168315881,172731457,https://www.ggusd.us/district/esser-iii-plan
30665300000000,Huntington Beach City Elementary,Orange,365405,365405,1480228,1480228,3327464,3327464,5173097,5173097,https://s3.amazonaws.com/scschoolfiles/3146/esser_iii_expenditure_plan.pdf
30665480000000,Huntington Beach Union High,Orange,1604171,1604171,6352681,6352681,14280454,14280454,22237306,22237306,https://4.files.edl.io/7fce/10/25/21/231908-913c790b-e6ae-49c4-a899-757354cfa01e.pdf
30665550000000,Laguna Beach Unified,Orange,188180,188180,761974,761974,1712872,1712872,2663026,2663026,https://docs.google.com/document/d/1fYW7GzP_2r_nAyJ8Q1ho3wALNneLu5EbUNj_9k4fjt8/edit
30665630000000,La Habra City Elementary,Orange,960461,960461,3877726,3877726,8716900,8716900,13555087,13555087,https://campussuite-storage.s3.amazonaws.com/prod/1031925/41eae2d6-29fe-11e7-b792-22000bd8490f/2347764/7ccb02ac-4c7e-11ec-8893-025de2df2891/file/ESSER%203%20Expenditure%20Plan%202021.pdf
30665890000000,Magnolia Elementary,Orange,1548417,1548417,6131887,6131887,13784122,13784122,21464426,21464426,https://4.files.edl.io/ded1/11/02/21/201103-99e8b881-3eb7-4691-9fcb-efbe091839ef.pdf
30665970000000,Newport-Mesa Unified,Orange,3056854,3056854,12105451,12105451,27212341,27212341,42374646,42374646,https://resources.finalsite.net/images/v1682339135/nmusdus/qf0wkqugqxapc0il91xt/7170761711617596281.pdf
30666130000000,Ocean View,Orange,1187227,1211317,4863141,4863141,10932055,10932055,16982423,17006513,https://ca02208954.schoolwires.net/site/handlers/filedownload.ashx?moduleinstanceid=10204&dataid=13915&FileName=ESSER%20III%202021.pdf
30666210000000,Orange Unified,Orange,4272611,4272611,16919972,16919972,37539825,38035101,58732408,59227684,https://resources.finalsite.net/images/v1636588021/orangeusdorg/tr4fiz4l8v6ilmgpesrk/ESSERIIIPlanapprovedbyBoardon102121.pdf
30666210139964,Orange County Classical Academy,Orange,6162,6162,24625,24625,55356,55356,86143,86143,https://static1.squarespace.com/static/5e010cf639674371d58bc771/t/618ee104dfdf9e502f145fdb/1636753669157/OCCA+ESSER+III+Exp+Plan+2021-22+Rev2.pdf
30666216085328,Santiago Middle,Orange,174332,174332,727310,727310,1634951,1634951,2536593,2536593,https://www.santiagocharterms.org/uploaded/SCHOOLS/384-Santiago/Santiago_Home_Page/Santiago_PDFs_2021-2022/ESSER_III_Board_Approved.pdf
30666470000000,Placentia-Yorba Linda Unified,Orange,2290679,2290679,9071322,9071322,20217124,20391799,31579125,31753800,https://4.files.edl.io/d65c/11/17/21/143859-32763a54-9ac5-45cd-8f45-70f689273003.pdf
30666700000000,Santa Ana Unified,Orange,14508488,14508488,59956147,59956147,132806563,134777891,207271198,209242526,https://go.boarddocs.com/ca/sausd/Board.nsf/files/C82QKV69B189/$file/2021_ESSER_III_Expenditure_Plan_Santa_Ana_Unified_School_District_20211022.pdf
30666700101626,Edward B. Cole Academy,Orange,148068,148068,556025,556025,1249911,1249911,1954004,1954004,https://4.files.edl.io/68de/04/14/22/192332-87b1e984-3199-42a8-9d74-cd41d7e8b721.pdf
30666700106567,Nova Academy Early College High,Orange,128773,128773,509954,509954,1146348,1146348,1785075,1785075,https://www.nova-academy.org/santaana/wp-content/uploads/sites/2/NOVA-SNA-ESSER-III-EXPENDITURE-PLAN-11.19.21-1.pdf
30666700109066,Orange County Educational Arts Academy,Orange,128160,128160,507528,507528,1140894,1140894,1776582,1776582,https://oceaa.org/wp-content/uploads/2021/11/OCEAA-ESSER-III-Expenditure-Plan-1013_21.docx-3.pdf
30666706119127,El Sol Santa Ana Science and Arts Academy,Orange,209823,209823,805627,805627,1811003,1811003,2826453,2826453,https://www.elsolacademy.org/wp-content/uploads/2021/11/El-Sol-Academy-ESSERIII-Plan-2021-2-1.pdf
30666960000000,Savanna Elementary,Orange,452019,452019,1790043,1790043,4023911,4023911,6265973,6265973,https://savsd.k12.ca.us/resources/uploads/files/ESSER%20III%20English%20and%20Spanish(2).pdf
30667460000000,Westminster,Orange,2095657,2095657,8688558,8688558,13733058,19531368,24517273,30315583,
30736350000000,Saddleback Valley Unified,Orange,2189556,2189556,8670864,8670864,19491592,19491592,30352012,30352012,https://web.archive.org/web/20211204044535/https://www.svusd.org/uploaded/SVUSD_Department_Files/Educational_Services/Assessment/2021_LCAP/2021_ESSER_III_Expenditure_Plan_-_Board_Approved_2021-10-14_-_Updated_2021-11-12.pdf
30736430000000,Tustin Unified,Orange,2593130,2593130,10269056,10269056,23084235,23084235,35946421,35946421,https://resources.finalsite.net/images/v1637351906/tustink12caus/ak2dlecx5b0m8qhuotqq/2021_ESSER_III_Expenditure_Plan_Tustin_Unified_School_District_20211119.pdf
30736500000000,Irvine Unified,Orange,2067289,2067289,8186674,8186674,18403160,18403160,28657123,28657123,https://iusd.org/sites/default/files/files/District/1GeneralDocs/2021_revised_esser_iii_expenditure_plan_irvine_unified_school_district_20211103.pdf
30739240000000,Los Alamitos Unified,Orange,306760,306760,831079,831079,1846080,1868216,2983919,3006055,https://resources.finalsite.net/images/v1637273563/losalorg/rrj5dtgmlivfy1sggtje/2021_ESSER_III_Expenditure_Plan_FINALREVISEDFOROCDE111621.pdf
30768930130765,Magnolia Science Academy Santa Ana,Orange,218678,218678,786730,786730,1768522,1768522,2773930,2773930,https://www.magnoliapublicschools.org/ourpages/auto/2021/9/9/63010704/MSA-Santa%20Ana%20ESSER%20III%20Plan-Updated.pdf?rnd=1636758617992
31667610000000,Ackerman Charter,Placer,20484,20484,115545,115545,259739,259739,395768,395768,https://drive.google.com/file/d/1SdPllKRyD-Hrp5rimat2V_WXenQ7oPrD/view
31667790000000,Alta-Dutch Flat Union Elementary,Placer,46085,46085,191155,191155,357642,429705,594882,666945,https://www.alta.k12.ca.us/departments/business-human-resources
31667870000000,Auburn Union Elementary,Placer,308092,308092,1220076,1220076,2653403,2742659,4181571,4270827,https://drive.google.com/file/d/1AfXJEg-3LirJ1l2eJU3gQQ3IprCBOwto/view
31667950000000,Colfax Elementary,Placer,85922,85922,450669,450669,927934,1013077,1464525,1549668,https://core-docs.s3.us-east-1.amazonaws.com/documents/asset/uploaded_file/3600/CESD/3588809/ESSER_III_Expenditure_Plan.pdf
31668030000000,Dry Creek Joint Elementary,Placer,563829,563829,3519864,3519864,7912446,7912446,11996139,11996139,https://resources.finalsite.net/images/v1686180024/drycreekschoolsus/wcq8q0fisiymj0zvqnzp/Esser2023.pdf
31668290000000,Eureka Union,Placer,78981,78981,335612,335612,754436,754436,1169029,1169029,https://www.eurekausd.org/documents/Lisa/ESSER-III-1.pdf
31668370000000,Foresthill Union Elementary,Placer,58969,58969,200689,200689,451138,451138,710796,710796,https://agendaonline.net/public/Meeting.aspx?AgencyID=1262&MeetingID=27244&AgencyTypeID=1&IsArchived=True
31668450000000,Loomis Union Elementary,Placer,94387,94387,418461,418461,940676,940676,1453524,1453524,
31668520000000,Newcastle Elementary,Placer,19403,19403,73938,73938,166209,166209,259550,259550,https://www.newcastle.k12.ca.us/documents/ESSER-3-Expenditure-Plan-Template-and-Instructions-Federal-Stimulus-Funding-CA-Dept-of-Education.pdf
31668860000000,Placer Hills Union Elementary,Placer,56671,56671,315407,315407,709017,709017,1081095,1081095,https://drive.google.com/file/d/12x4HGjQgfQfDhR1JBFFmfd4A-WfTgjm3/view
31668940000000,Placer Union High,Placer,254355,254355,1058644,1058644,2379769,2379769,3692768,3692768,
31669100000000,Roseville City Elementary,Placer,638083,638083,2754454,2754454,6191850,6191850,9584387,9584387,
31669280000000,Roseville Joint Union High,Placer,509053,509053,2596869,2596869,5837610,5837610,8943532,8943532,https://www.rjuhsd.us/cms/lib/CA01001478/Centricity/Domain/15/2021%20ESSER%20III%20Expenditure%20Plan%20RJUHSD.pdf
31669440000000,Tahoe-Truckee Unified,Placer,199181,199181,1242891,1242891,2793947,2793947,4236019,4236019,https://resources.finalsite.net/images/v1697539967/ttusdorg/l1bvmur5p0cn7pfusidu/esser_iii_expenditure_plan.pdf
31669510000000,Western Placer Unified,Placer,569063,569063,2253549,2253549,5065845,5065845,7888457,7888457,https://resources.finalsite.net/images/v1635459914/wpusdk12caus/fuq4lirpqzjjmqlava15/2021_ESSER_III_Expenditure_Plan_Western_Placer_Unified_School_District_202110113.pdf
31750850000000,Rocklin Unified,Placer,533131,533131,2111254,2111254,4745975,4745975,7390360,7390360,https://www.rocklinusd.org/documents/ESSER-III-Expenditure-Plan_Rocklin-Unified-School-District-1.pdf
31750850117879,Maria Montessori Charter Academy,Placer,12931,12931,57178,57178,128532,128532,198641,198641,https://docs.google.com/document/d/18tvMmo3UgGft8xwoOP9HBDy67igwXucMP_O8JYRzC4g/edit
32669690000000,Plumas Unified,Plumas,416982,416982,1651291,1651291,3712005,3712005,5780278,5780278,https://4.files.edl.io/d7c5/04/15/22/213653-d31c8d24-79d8-4411-bbd9-dd8b7b4ba14e.pdf
32669693230083,Plumas Charter,Plumas,55371,55371,200949,200949,451722,451722,708042,708042,
33103300000000,Riverside County Office of Education,Riverside,1913678,1913678,7801759,7801759,13967372,17537896,23682809,27253333,https://www.rcoe.us/home/showpublisheddocument/4585/637739919812370000
33103300110833,River Springs Charter,Riverside,979956,979956,4303637,4303637,9674323,9674323,14957916,14957916,https://springscs.org/wp-content/uploads/2021/12/ESSER-lll-Plan-Approval-Letter-River-Springs-Charter.pdf
33103300125237,Leadership Military Academy,Riverside,86843,86843,343908,343908,773085,773085,1203836,1203836,
33103300125385,"Imagine Schools, Riverside County",Riverside,168160,168160,766987,766987,1724142,1724142,2659289,2659289,https://www.imagineriverside.org/ourpages/auto/2022/1/19/56949712/CA-ESSER-Plan.pdf?rnd=1642617545332
33103300137851,Julia Lee Performing Arts Academy,Riverside,54256,54256,216811,216811,487377,487377,758444,758444,https://www.jlpaa.org/_files/ugd/096321_7826d2215da345f0966bb46a4949011c.pdf
33103300137869,Excelsior Charter School Corona-Norco,Riverside,7024,7024,NA,NA,NA,NA,7024,7024,
33103300138024,Journey,Riverside,107494,107494,425687,425687,956920,956920,1490101,1490101,
33669770000000,Alvord Unified,Riverside,4587348,4587348,18166364,18166364,40836917,40836917,63590629,63590629,https://www.agendaonline.net/Public/Meeting.aspx?AgencyID=1304&MeetingID=84603&AgencyTypeID=1&IsArchived=False
33669850000000,Banning Unified,Riverside,1762032,1762032,6977827,6977827,15685745,15685745,24425604,24425604,https://core-docs.s3.amazonaws.com/documents/asset/uploaded_file/4017/BUSD/3228033/2021_ESSER_III_Expenditure_Plan_Banning_Unified_School_District.pdf
33669930000000,Beaumont Unified,Riverside,1055665,1055665,3919521,3919521,8810852,8810852,13786038,13786038,https://4.files.edl.io/4837/02/03/22/203804-745dafde-6250-42d7-b5b4-86e3bcf38b1a.pdf
33670330000000,Corona-Norco Unified,Riverside,6965762,6965762,27585125,27585125,62009736,62009736,96560623,96560623,https://cdnsm5-ss18.sharpschool.com/UserFiles/Servers/Server_211876/File/Our%20Departments/Educational%20Services/LCAP/Final%20ESSER%20III%20Expenditure%20Plan%2010.5.21.pdf
33670410000000,Desert Center Unified,Riverside,3297,3297,104992,104992,210633,236017,318922,344306,https://drive.google.com/file/d/1r6rxuhMQ3XxYrWKtg_Bgcu_3q_Y7aa0Z/view
33670580000000,Desert Sands Unified,Riverside,6300424,6300424,24950320,24950320,56086850,56086850,87337594,87337594,https://cdnsm5-ss18.sharpschool.com/UserFiles/Servers/Server_24405182/File/About%20DSUSD/2021-ESSERIII-DSUSD101921.pdf
33670820000000,Hemet Unified,Riverside,6278849,6278849,24864880,24864880,55894786,55894786,87038515,87038515,https://4.files.edl.io/ef06/04/15/22/183840-4477c91d-6f27-4425-8c60-753835048148.pdf
33670900000000,Jurupa Unified,Riverside,4662862,4662862,18465405,18465405,41509144,41509144,64637411,64637411,https://jurupausd.org/our-district/edserv/accountability/LCFFandLCAP/Documents/2021-22%20LCAP%20Documents/2021%20ESSER%20III%20Expenditure%20Plan.pdf
33671160000000,Menifee Union,Riverside,993080,993080,3932698,3932698,8840474,8840474,13766252,13766252,https://www.menifeeusd.org/files/user/3/file/LCAP/2021_ESSER_III_Expenditure_Plan_Menifee_Union_School_District_20220318.pdf
33671240000000,Moreno Valley Unified,Riverside,10339532,10339532,40399895,40399895,58621579,90816585,109361006,141556012,https://drive.google.com/file/d/11UljSt0NCgRUvS8qEc2FN5r2cfnOgkPN/view
33671570000000,Nuview Union,Riverside,280315,280315,1195795,1195795,2688076,2688076,4164186,4164186,https://4.files.edl.io/d7ac/04/08/22/214810-7c0c37cf-0616-489d-8798-f71c7e8f7ab9.pdf
33671730000000,Palm Springs Unified,Riverside,8472560,8472560,33552196,33552196,67874488,75423361,109899244,117448117,https://www.psusd.us/cms/lib/CA02204874/Centricity/Domain/192/ESSER%20III%20Expenditure%20Plan%204.9.24.pdf
33671810000000,Palo Verde Unified,Riverside,855295,855295,4592943,4592943,9909142,10324666,15357380,15772904,https://www.pvusd.us/documents/COVID-19-INFORMATION/FEDERAL%20AND%20STATE%20FUNDING/2021_ESSER_III_Expenditure_Plan_Palo_Verde_Unified_School_District_22-03-09.pdf
33671990000000,Perris Elementary,Riverside,3049670,3049670,10973885,10973885,19516839,24668648,33540394,38692203,
33672070000000,Perris Union High,Riverside,2401381,2401381,8928938,8928938,20071727,20071727,31402046,31402046,https://perrishsdpublic.ic-board.com/Attachments/ec462ad7-50b1-4fab-814f-806abb4de0b1.pdf
33672150000000,Riverside Unified,Riverside,8227364,8227364,32581198,32581198,69097419,73240614,109905981,114049176,https://www.riversideunified.org/common/pages/GetFile.ashx?key=xPFtAVYP
33672150126128,REACH Leadership STEAM Academy,Riverside,91216,91216,394761,394761,887400,887400,1373377,1373377,
33672310000000,Romoland Elementary,Riverside,605977,605977,2375044,2375044,5338959,5338959,8319980,8319980,
33672490000000,San Jacinto Unified,Riverside,2687969,2687969,10644632,10644632,23427958,23928506,36760559,37261107,
33672496114748,San Jacinto Valley Academy,Riverside,286926,286926,1136256,1136256,2554236,2554236,3977418,3977418,https://4.files.edl.io/c6ad/03/30/22/201133-30763fcb-9eb4-42ed-a77c-b563bab2fe93.pdf
33736760000000,Coachella Valley Unified,Riverside,8499245,8499245,32494071,32494071,60690553,73044759,101683869,114038075,https://drive.google.com/drive/folders/1xTWNL2vwEDf-3E1haH53t0R_w8Hm01cJ
33736760121673,NOVA Academy - Coachella,Riverside,79740,79740,315777,315777,709848,709848,1105365,1105365,https://www.nova-academy.org/santaana/wp-content/uploads/sites/2/NOVA-COA-ESSER-III-EXPENDITURE-PLAN-11.19.21-1.pdf
33751760000000,Lake Elsinore Unified,Riverside,4198812,4198812,16627722,16627722,28033588,37378140,48860122,58204674,https://4.files.edl.io/c4e2/02/03/22/191707-47d280c8-9e91-407d-ba92-c3dc39c0336c.pdf
33751760120204,Sycamore Academy of Science and Cultural Arts,Riverside,72699,72699,287895,287895,647170,647170,1007764,1007764,
33751920000000,Temecula Valley Unified,Riverside,2216853,2216853,9244629,9244629,20559727,20781382,32021209,32242864,https://simbli.eboardsolutions.com/meetings/TempFolder/Meetings/TVUSD%20ESSER%20III%20Expenditure%20Plan%20Draft_1772063lrhzc2qhfhg25e1svpha04p.pdf
33751923330917,Temecula Preparatory,Riverside,59331,59331,228733,228733,514178,514178,802242,802242,https://drive.google.com/file/d/1K4n2ph9aHxQ6-pzbXS5V4GWf0QeSIJkX/view
33752000000000,Murrieta Valley Unified,Riverside,1792174,1792174,7097191,7097191,15954068,15954068,24843433,24843433,https://www.murrieta.k12.ca.us/cms/lib/CA01000508/Centricity/Domain/3306/ESSER%20III%20Plan%20Final%2010.2021.pdf
33752420000000,Val Verde Unified,Riverside,4846251,4846251,19191647,19191647,43141693,43141693,67179591,67179591,https://drive.google.com/file/d/16rDjmAB4WLRQ2UoX_EpmfKSKuvrOW8i5/view
33769430132522,Baypoint Preparatory Academy,Riverside,14412,14412,NA,NA,NA,NA,14412,14412,
34103480000000,Sacramento County Office of Education,Sacramento,1317220,1317220,5165277,5216326,6992603,11725995,13475100,18259541,
34103480136275,Fortune,Sacramento,442542,442542,1768435,1768435,3975337,3975337,6186314,6186314,https://4.files.edl.io/954a/06/09/22/232749-d7e41ff7-1991-401f-84bd-5454bd0581b6.pdf
34103480140160,American River Collegiate Academy,Sacramento,0,0,NA,NA,NA,NA,0,0,
34672800000000,Arcohe Union Elementary,Sacramento,86492,86492,293881,293881,660627,660627,1041000,1041000,
34673140000000,Elk Grove Unified,Sacramento,12993784,12993784,59887081,59887081,133658793,134622634,206539658,207503499,https://www.egusd.net/documents/District/FundingBudget/ESSER-Fund/EGUSD-ESSER.pdf
34673140111732,California Montessori Project - Elk Grove Campus,Sacramento,21299,21299,98473,98473,221361,221361,341133,341133,https://resources.finalsite.net/images/v1657126214/cacmporg/qgeowwzcr4qpeeibmbok/cmp-elkgroveesseriiiexpenditureplan.pdf
34673140137281,SAVA - Sacramento Academic and Vocational Academy - EGUSD,Sacramento,48579,48579,192376,192376,432451,432451,673406,673406,https://www.gcccharters.org/documents/LCAP/ESSERIII/2021_ESSER_III_Expenditure_Plan_Sacramento_Academic_and_Vocational_Academy_-_Elk_Grove_20211206_revised.pdf
34673220000000,Elverta Joint Elementary,Sacramento,40086,40086,158746,158746,356852,356852,555684,555684,https://web.archive.org/web/20220807145127/https://core-docs.s3.amazonaws.com/documents/asset/uploaded_file/2012505/2021_ESSER_III_Expenditure_Plan_Elverta_Joint_Elementary_School_District_20220415.pdf
34673300000000,Folsom-Cordova Unified,Sacramento,2206937,2206937,10409869,10409869,23400773,23400773,36017579,36017579,https://simbli.eboardsolutions.com/meetings/TempFolder/Meetings/2021%20ESSER%20III%20Expenditure%20Plan_Uploaded%2010_18_21_1776603lrhzc2qhfhg25e1svpha04p.pdf
34673480000000,Galt Joint Union Elementary,Sacramento,1009912,1009912,3431465,3431465,7713732,7713732,12155109,12155109,https://www.galt.k12.ca.us/documents/Departments/Fiscal-Services/2021-ESSER-III-Expenditure-Plan.pdf
34673550000000,Galt Joint Union High,Sacramento,343437,343437,1396116,1396116,3138387,3138387,4877940,4877940,https://4.files.edl.io/2ce7/09/30/21/183514-e108882f-8eba-45fd-bb7b-4d7d291eb077.pdf
34674130000000,River Delta Joint Unified,Sacramento,333877,333877,1241003,1241003,2580267,2789702,4155147,4364582,
34674130114660,Delta Elementary Charter,Sacramento,28435,28435,112605,112605,253131,253131,394171,394171,https://deltacharter.org/accountability-information/
34674210000000,Robla Elementary,Sacramento,591579,591579,2438350,2438350,5481267,5481267,8511196,8511196,https://simbli.eboardsolutions.com/meetings/TempFolder/Meetings/Guide%20to%20Opening%20Schools%20II%20August%202021%20rev_1553733lrhzc2qhfhg25e1svpha04p.pdf
34674390000000,Sacramento City Unified,Sacramento,15877983,15877983,68838481,68838679,153927219,154745300,238643683,239461962,https://web.archive.org/web/20211214191813/https://www.scusd.edu/sites/main/files/file-attachments/esser_iii_exp_plan_scusd_board_approved_10.21.21_updated_11.16.21_per_scoe.pdf?1638565654
34674390101048,St. HOPE Public School 7,Sacramento,175470,175470,693223,693223,1558324,1558324,2427017,2427017,https://www.sthope.org/sites/main/files/file-attachments/ps7_esser_iii_plan.pdf?1643391741
34674390101295,Sol Aureus College Preparatory,Sacramento,96303,96303,394674,394674,887205,887205,1378182,1378182,
34674390102038,Sacramento Charter High,Sacramento,194600,194600,700106,700106,1573796,1573796,2468502,2468502,https://www.sthope.org/sites/main/files/file-attachments/schs_esser_iii_plan.pdf?1643391725
34674390102343,Aspire Capitol Heights Academy,Sacramento,86285,86285,326450,326450,733841,733841,1146576,1146576,
34674390106898,The Language Academy of Sacramento,Sacramento,148985,148985,589997,589997,1326279,1326279,2065261,2065261,https://acrobat.adobe.com/link/track?uri=urn%3Aaaid%3Ascds%3AUS%3Ac53fd2fd-00c7-320b-acdb-7dc1090fab1d&viewer%21megaVerb=group-discover
34674390111757,California Montessori Project - Capitol Campus,Sacramento,20634,20634,81712,81712,183683,183683,286029,286029,https://resources.finalsite.net/images/v1657126212/cacmporg/u3syeafcgc31duzqfd0f/cmp-capitolesseriiiexpenditureplanv2-8-21.pdf
34674390121665,Yav Pem Suab Academy - Preparing for the Future Charter,Sacramento,110564,110564,411146,411146,924233,924233,1445943,1445943,
34674390123901,Capitol Collegiate Academy,Sacramento,103392,103392,418938,418938,941748,941748,1464078,1464078,
34674390135343,Growth Public,Sacramento,33354,33354,132083,132083,296916,296916,462353,462353,https://drive.google.com/file/d/1AKZJsgTznk5ax2m6imNJw4Nssbm-ZXHx/view
34674390137406,SAVA - Sacramento Academic and Vocational Academy - SCUSD,Sacramento,119155,119155,579154,579154,1301903,1301903,2000212,2000212,https://www.gcccharters.org/documents/LCAP/ESSERIII/2021_ESSER_III_Expenditure_Plan_Sacramento_Academic_and_Vocational_Academy_-_SCUSD_20211206_revised.pdf
34674470000000,San Juan Unified,Sacramento,10782659,10782659,51595262,51595262,112826065,115983113,175203986,178361034,https://web.archive.org/web/20211229000331/https://www.sanjuan.edu/cms/lib/CA01902727/Centricity/Domain/4/esseriiiexpenditureplan.pdf
34674470112169,California Montessori Project-San Juan Campuses,Sacramento,89757,89757,355445,355445,799020,799020,1244222,1244222,https://resources.finalsite.net/images/v1657126216/cacmporg/yodp9pt0dh5icnitqbhk/cmp-sanjuanesseriiiexpenditureplanv2-8-21.pdf
34674470120469,Aspire Alexander Twilight College Preparatory Academy,Sacramento,121961,121961,482977,482977,1085704,1085704,1690642,1690642,
34674470121467,Aspire Alexander Twilight Secondary Academy,Sacramento,137052,137052,574886,574886,1292310,1292310,2004248,2004248,
34674470128124,Gateway International,Sacramento,149656,149656,592652,592652,1332248,1332248,2074556,2074556,https://www.gcccharters.org/documents/LCAP/ESSERIII/2021_ESSER_III_Expenditure_Plan_Gateway_International_School_20211206_revised.pdf
34739730000000,Center Joint Unified,Sacramento,997881,997881,4906340,4906340,11029163,11029163,16933384,16933384,https://www.centerusd.org/documents/About-Us/LCFFLCAP/21-22/2021_ESSER_III_Expenditure_Plan_Center_Joint_Unified_School_District_20220103-1.pdf
34752830000000,Natomas Unified,Sacramento,1632435,1632435,7092106,7092106,15942637,15942637,24667178,24667178,
34765050000000,Twin Rivers Unified,Sacramento,12459391,12459391,54275987,54275987,115202204,122009223,181937582,188744601,https://simbli.eboardsolutions.com/meetings/TempFolder/Meetings/2022%20ESSER%20III%20Expenditure%20Plan%20Twin%20Rivers%20Unified%20School%20District%2020220621_2905893lrhzc2qhfhg25e1svpha04p.pdf
34765050101766,Community Outreach Academy,Sacramento,436881,436881,1730093,1730093,3889147,3889147,6056121,6056121,https://www.gcccharters.org/documents/LCAP/ESSERIII/2021_ESSER_III_Expenditure_Plan_Community_Outreach_Academy_20211215.pdf
34765050101832,Futures High,Sacramento,115065,115065,469733,469733,1055931,1055931,1640729,1640729,https://www.gcccharters.org/documents/LCAP/ESSERIII/2021_ESSER_III_Expenditure_Plan_Futures_High_School_20211202_revised.pdf
34765050108415,Heritage Peak Charter,Sacramento,182162,182162,671434,671434,1423923,1509345,2277519,2362941,https://secureservercdn.net/198.71.233.213/d98.afe.myftpupload.com/wp-content/uploads/2021/10/HPCS-ESSER-III-Plan.pdf
34765050108837,Community Collaborative Charter,Sacramento,177221,177221,637581,637581,1433244,1433244,2248046,2248046,https://www.gcccharters.org/documents/LCAP/ESSERIII/2021_ESSER_III_Expenditure_Plan_Community_Collaborative_Charter_School_20211206_revised.pdf
34765050113878,Higher Learning Academy,Sacramento,86259,86259,497899,497899,1119249,1119249,1703407,1703407,https://www.gcccharters.org/documents/LCAP/ESSERIII/2021_ESSER_III_Expenditure_Plan_Higher_Learning_Academy_20211206_revised.pdf
34765050114272,SAVA - Sacramento Academic and Vocational Academy,Sacramento,159959,159959,575478,575478,1293640,1293640,2029077,2029077,https://www.gcccharters.org/documents/LCAP/ESSERIII/2021_ESSER_III_Expenditure_Plan_Sacramento_Academic_and_Vocational_Academy_-_TRUSD__20211206_revised.pdf
35103550000000,San Benito County Office of Education,San Benito,88905,88905,352073,352073,791439,791439,1232417,1232417,
35674700000000,Hollister,San Benito,703446,703446,2785719,2785719,6238383,6262132,9727548,9751297,https://drive.google.com/file/d/1E682lhaepyaTqAq-fltKVDF9OLGhl5ol/view
35674700127688,Hollister Prep,San Benito,79495,79495,314807,314807,707667,707667,1101969,1101969,https://4.files.edl.io/7a7f/03/08/22/014718-c27aa325-86c8-45ac-a503-9616b0eac73a.pdf
35675040000000,North County Joint Union Elementary,San Benito,40433,40433,179076,179076,402553,402553,622062,622062,https://www.ncjusd.org/content/uploads/2021_ESSER_III_Expenditure_Plan_Spring_Grove_Elementary_School_20220202.pdf
35675380000000,San Benito High,San Benito,355489,355489,1378497,1378497,3098780,3098780,4832766,4832766,https://drive.google.com/file/d/12FhdDxRURO22QLRtZp5aiqis4RkriA3A/view
35675530000000,Southside Elementary,San Benito,7503,7503,NA,NA,NA,NA,7503,7503,
36103630000000,San Bernardino County Office of Education,San Bernardino,1710988,1710988,8797006,8797006,18103920,19775151,28611914,30283145,https://resources.finalsite.net/images/v1721254793/sbcssk12caus/dvrasy3axxukzxvfntwe/ESSER_III_Expenditure_Plan_FINAL_updated_10-11-21.pdf
36103630115808,Norton Science and Language Academy,San Bernardino,196341,196341,913933,913933,1903166,2054467,3013440,3164741,https://nsla.lewiscenter.org/documents/2021_ESSER_III_Expenditure_Plan_Norton_Science_and_Language_Academy_20220414.pdf
36103633630761,Excelsior Charter,San Bernardino,284907,284907,1128260,1128260,2536262,2536262,3949429,3949429,https://web.archive.org/web/20220109235225/https://www.excelsior.com/wp-content/uploads/2022/01/ecs-esser-iii-expenditure-plan-revised.pdf
36103636111918,Desert Trails Preparatory Academy,San Bernardino,165203,165203,654220,654220,1470647,1470647,2290070,2290070,https://secureservercdn.net/50.62.172.157/9ae.765.myftpupload.com/wp-content/uploads/2021/11/dtpaesseriiiexpenditureplan-10-21-nr-2-edits.pdf
36675870000000,Adelanto Elementary,San Bernardino,2769523,2769523,10967592,10967592,24654502,24654502,38391617,38391617,https://web.archive.org/web/20220524012034/http://www.aesd.net/docs/district/depts/122/LCAP/AESD%20ESSER%20III%20Expenditure%20Plan%20Final%20ENG.pdf?id=4565
36675870128462,Taylion High Desert Academy/Adelanto,San Bernardino,0,0,134852,134852,303140,303140,437992,437992,https://www.taylion.com/wp-content/uploads/2021/12/Taylion-High-Desert-Academy-Charter-ESSER-lll-Expenditure-Plan-FINAL-12-22-2021-KS.pdf
36675950000000,Alta Loma Elementary,San Bernardino,487714,487714,2004865,2004865,4362612,4506819,6855191,6999398,https://web.archive.org/web/20220125221551/https://www.alsd.k12.ca.us/site/handlers/filedownload.ashx?moduleinstanceid=22&dataid=12448&FileName=2021%20ESSER%20III%20Expenditure%20Plan.pdf
36676110000000,Barstow Unified,San Bernardino,3081492,3081492,12203020,12203020,15029715,27431671,30314227,42716183,https://resources.finalsite.net/images/v1640821134/barstowk12caus/rzhjlskixvvm1x8i3wh9/BarstowUnifiedSchoolDistrictESSERIIIFINAL121721.pdf
36676370000000,Bear Valley Unified,San Bernardino,499066,499066,1982890,2006410,4510291,4510292,6992247,7015768,https://bearvalleyusd.edliotest.com/ourpages/LCAP/BVUSD%20ESSER%20III%20Expenditure%20Plan%20Final.pdf
36676450000000,Central Elementary,San Bernardino,730020,730020,2897111,2897111,6335546,6512535,9962677,10139666,https://core-docs.s3.amazonaws.com/documents/asset/uploaded_file/1734109/Central_School_District_ESSER_III_Plan_FINAL_11-30-21_SM.pdf
36676520000000,Chaffey Joint Union High,San Bernardino,4116225,4116225,16059344,16059344,36100460,36100460,56276029,56276029,https://4.files.edl.io/a99f/01/24/22/152832-defec6fd-f458-4223-8bd0-0d330d480989.pdf
36676780000000,Chino Valley Unified,San Bernardino,3781742,3781742,15174707,15174707,34111848,34111848,53068297,53068297,https://www.chino.k12.ca.us/cms/lib/CA01902308/Centricity/Domain/676/CVUSD%20ESSER%20III%20Plan%2010.28BoardCopy%20FINAL%20Approved.pdf
36676780137547,Allegiance STEAM Academy - Thrive,San Bernardino,40039,40039,193769,193769,435581,435581,669389,669389,https://asathrive.org/docs/AllegianceSTEAMAcademyThriveESSERIIIPlanFINAL12072021.pdf
36676860000000,Colton Joint Unified,San Bernardino,6244434,6244434,24728592,24728592,55588420,55588420,86561446,86561446,https://web.archive.org/web/20220423104412/https://www.cjusd.net//cms/lib/CA02218339/Centricity/Domain/16/Colton%20Joint%20Unified%20School%20District%20ESSER%20III%20Plan%2012.9.21.pdf
36676940000000,Cucamonga Elementary,San Bernardino,626855,626855,2482411,2482411,5580313,5580313,8689579,8689579,https://s3.amazonaws.com/scschoolfiles/3407/esser_iii_expenditure_plan.pdf
36677020000000,Etiwanda Elementary,San Bernardino,975843,975843,3981361,3981361,8949865,8949865,13907069,13907069,https://core-docs.s3.amazonaws.com/documents/asset/uploaded_file/1742329/ESD_ESSER_III_Plan_10.12.21.pdf
36677100000000,Fontana Unified,San Bernardino,11416524,11416524,42844944,42844944,69584247,96312913,123845715,150574381,https://www.fusd.net/cms/lib/CA50000190/Centricity/Domain/106/Expenditure%20Plan%20and%20Expenditure%20Plan%20Instructions%20FUSD.pdf
36677360000000,Helendale Elementary,San Bernardino,118319,118319,432741,432741,972777,972777,1523837,1523837,https://www.helendalesd.org/documents/District-Office/LCAP/ESSER-III-Plan-2021-22-Helendale-Updated.pdf
36677360128439,Empire Springs Charter,San Bernardino,153116,153116,675419,675419,1518302,1518302,2346837,2346837,https://springscs.org/wp-content/uploads/2021/12/ESSER-lll-Plan-Approval-Letter-Empire-Springs-Charter.pdf
36677360136069,Sage Oak Charter,San Bernardino,172391,172391,813194,813194,1828013,1828013,2813598,2813598,
36677360139576,Excel Academy Charter,San Bernardino,35277,35277,168357,168357,378456,378456,582090,582090,
36677770000000,Morongo Unified,San Bernardino,2393596,2393596,9478884,9478884,21307973,21307973,33180453,33180453,https://core-docs.s3.amazonaws.com/documents/asset/uploaded_file/3674/MUSD/3077170/2021_Elementary_and_Secondary_School_Relief__ESSER_III__Expenditure_Plan.pdf
36678010000000,Needles Unified,San Bernardino,315422,315422,1555965,1555965,3497717,3497717,5369104,5369104,https://4.files.edl.io/cb6c/04/20/22/054606-16ea9618-c1b0-4fda-b8af-1725ff012681.pdf
36678190000000,Ontario-Montclair,San Bernardino,6969464,6969464,27599786,27599786,62042694,62042694,96611944,96611944,https://www.omsd.net/cms/lib/CA02204858/Centricity/Domain/61/2021_ESSER_III_Expenditure_Plan_OMSD_English.pdf
36678270000000,Oro Grande,San Bernardino,47808,47808,189326,189326,425594,425594,662728,662728,https://www.orogrande.net/apps/pages/index.jsp?uREC_ID=4378639&type=d&pREC_ID=2582402
36678430000000,Redlands Unified,San Bernardino,3422812,3422812,13554684,13554684,30470131,30470131,47447627,47447627,https://web.archive.org/web/20230923180545/https://www.redlandsusd.net/cms/lib/CA01900901/Centricity/Domain/57/2021%20ESSER%20III%20Expenditure%20Plan%20Redlands%20Unified%20School%20District%2020211101.%20SBCSS%20approved.pdf
36678500000000,Rialto Unified,San Bernardino,7583287,7583287,30030586,30030586,63313727,67506990,100927600,105120863,https://kec.rialto.k12.ca.us/cms/lib/CA50000591/Centricity/Domain/1451/FINAL2021_ESSER_III_Expenditure_Plan_Rialto_Unified.pdf
36678680000000,Rim of the World Unified,San Bernardino,768352,768352,3709270,3709270,8338221,8338221,12815843,12815843,
36678760000000,San Bernardino City Unified,San Bernardino,25834334,25834334,102306584,102306584,229979180,229979180,358120098,358120098,https://resources.finalsite.net/images/v1705795334/sbcusdcom/osbxrndzu5gvp9azjhi7/REVISEDDecember2023SBCUSDESSERIIIPlanCountyApproved_1.pdf
36678760107730,ASA Charter,San Bernardino,79260,79260,324323,324323,729059,729059,1132642,1132642,https://4.files.edl.io/ef56/03/29/22/183337-9e9f0a55-095c-4ccc-a450-f73f09dfe19c.pdf
36678760109850,Public Safety Academy,San Bernardino,134612,134612,533078,533078,1198327,1198327,1866017,1866017,https://drive.google.com/file/d/1IumBbxCnrpBtwapfhI81_2hMxTFVNKly/view
36678760117192,SOAR Charter Academy,San Bernardino,129553,129553,517156,517156,1162536,1162536,1809245,1809245,https://www.soarcharteracademy.org/ourpages/auto/2021/10/22/46804673/2021_ESSER_III_Expenditure_Plan_SOAR_Charter_Academy_20211021%20_2_.pdf
36678760120006,New Vision Middle,San Bernardino,97624,97624,426903,426903,959652,959652,1484179,1484179,
36678760121343,iEmpire Academy,San Bernardino,65241,65241,281296,281296,632338,632338,978875,978875,https://4.files.edl.io/7e71/04/12/22/044630-73da96c2-1612-4c86-8cce-2f7dad76cf14.pdf
36678760122317,Hardy Brown College Prep,San Bernardino,125054,125054,495228,495228,1113242,1113242,1733524,1733524,https://4.files.edl.io/0399/06/09/22/232749-8a992b74-5d98-4b9b-9988-8faca8121253.pdf
36678760126714,Woodward Leadership Academy,San Bernardino,24813,24813,97060,97060,218186,218186,340059,340059,
36678760133892,Ballington Academy for the Arts and Sciences - San Bernardino,San Bernardino,51980,51980,215068,215068,483460,483460,750508,750508,https://ballingtonacademy.org/wp-content/uploads/2021/10/ESSER-3-Plan-Final-SB.pdf
36678760136952,Entrepreneur High,San Bernardino,143447,143447,573227,573227,1288580,1288580,2005254,2005254,https://4.files.edl.io/93bf/04/12/22/043037-fe017cc1-284c-4c1f-aad6-0ce457bfaf00.pdf
36678760137935,Savant Preparatory Academy of Business,San Bernardino,41952,41952,166133,166133,373456,373456,581541,581541,https://savantprepacademy.com/wp-content/uploads/2021/12/ESSER-III-Expenditure-Plan.pdf
36678763630993,Provisional Accelerated Learning Academy,San Bernardino,71406,71406,285884,285884,642651,642651,999941,999941,https://palcharteracademy.org/wp-content/uploads/2022/05/2021-2022-ESSER-iii.pdf
36678920000000,Trona Joint Unified,San Bernardino,101098,101098,387275,387275,870570,870570,1358943,1358943,
36679180000000,Victor Elementary,San Bernardino,4704434,4704434,18630035,18630035,41879221,41879221,65213690,65213690,https://drive.google.com/file/d/1Dh_zSSn-TVh45WUgdB4cbXDBQtG-Lk_u/view
36679340000000,Victor Valley Union High,San Bernardino,6077777,6077777,23942988,23942988,51774165,53822428,81794930,83843193,https://www.vvuhsd.org/departments/educational-services/district-plans-and-grants
36679590000000,Yucaipa-Calimesa Joint Unified,San Bernardino,1759771,1759771,6682616,6682616,14871038,15022127,23313425,23464514,https://go.boarddocs.com/ca/ycjusd/Board.nsf/files/C7ZPRB64F180/$file/Final%20Draft%20YCJUSD%20ESSER%20III%20Expenditure%20Plan%2010.26.21.pdf
36738580000000,Baker Valley Unified,San Bernardino,46713,46713,199863,199863,449281,449281,695857,695857,https://drive.google.com/file/d/16zllUqwruifBtIUeNdkYXxtc2esV-MYU/view
36738900000000,Silver Valley Unified,San Bernardino,401110,401110,1588437,1588437,3570714,3570714,5560261,5560261,https://cdnsm5-ss11.sharpschool.com/UserFiles/Servers/Server_176283/File/LCAP/2021_ESSER_III_Expenditure_Plan_Silver_Valley_Unified_School_District_20220413.pdf
36739570000000,Snowline Joint Unified,San Bernardino,1156627,1156627,5226468,5226468,11748793,11748793,18131888,18131888,https://4.files.edl.io/c8ae/12/15/21/224530-b73fed36-f38a-4249-aba0-f0ac08c181e8.pdf
36750440000000,Hesperia Unified,San Bernardino,6624939,6624939,26235429,26235429,58975701,58975701,91836069,91836069,https://core-docs.s3.amazonaws.com/documents/asset/uploaded_file/1770308/ESSER_III_Plan_-_Board_Approved_10.4.21.pdf
36750440107516,Summit Leadership Academy-High Desert,San Bernardino,136041,136041,489428,489428,1100206,1100206,1725675,1725675,https://www.slahd.com/ourpages/auto/2021/3/26/63293917/esseriiiexpenditureplan%20REVISED%202.pdf
36750440112441,Pathways to College K8,San Bernardino,115486,115486,418935,418935,941742,941742,1476163,1476163,
36750440114389,Mirus Secondary,San Bernardino,51553,51553,203381,203381,457188,457188,712122,712122,https://miruscharter.com/wp-content/uploads/2021/12/Mirus-Secondary-ESSER-III-Plan-FINAL-12-11-2021_SBCSS-APPROVED.pdf
36750440116707,Encore Jr./Sr. High School for the Performing and Visual Arts,San Bernardino,193356,193356,765709,765709,1721270,1721270,2680335,2680335,https://app2.boardontrack.com/org/zLorfo/attachment/publicDownload/205139?s=zLorfo
36750440118059,LaVerne Elementary Preparatory Academy,San Bernardino,86187,86187,356600,356600,801616,801616,1244403,1244403,
36750510000000,Lucerne Valley Unified,San Bernardino,395662,395662,1743460,1743460,3919196,3919196,6058318,6058318,https://4.files.edl.io/bd7b/01/21/22/231143-640d7b18-35fa-4b23-9bfc-b4c84a81fcf3.pdf
36750510115089,Sky Mountain Charter,San Bernardino,146809,146809,581379,581379,1306905,1306905,2035093,2035093,https://skymountaincs.org/documents/public/all-schools-pub/tssd-pub-all/federal-programs/2614-smcs-esser-iii-expenditure-plan-pdf/file
36750510136960,Elite Academic Academy - Lucerne,San Bernardino,40957,40957,197032,197032,442916,442916,680905,680905,https://www.eliteacademic.com/wp-content/uploads/2022/04/ESSER-III-EAA-LU-21-22.pdf
36750690000000,Upland Unified,San Bernardino,2312236,2312236,7925889,7925889,17816932,17816932,28055057,28055057,https://drive.google.com/file/d/1v3u7XqgBLHVEwgtZZGxQERHkACEznt1Q/view
36750770000000,Apple Valley Unified,San Bernardino,4127127,4127127,16343843,16343843,36739998,36739998,57210968,57210968,https://drive.google.com/file/d/1Og7NW5vE3sjNJaJdWFW5yypj2A7txLhl/view
36750773631207,Academy for Academic Excellence,San Bernardino,134868,134868,543188,543188,1221055,1221055,1899111,1899111,https://aae.lewiscenter.org/documents/Academy-for-Academic-Excellence_ESSER_III_Plan_FINAL.12_15_2021.PI.pdf
37103710000000,San Diego County Office of Education,San Diego,1335152,1335152,5545236,5545236,12189159,12465363,19069547,19345751,https://simbli.eboardsolutions.com/meetings/TempFolder/Meetings/Final%20SDCOE%20ESSER%203%20Expenditure%20Plan_1730493lrhzc2qhfhg25e1svpha04p.pdf
37103710108548,Iftin Charter,San Diego,131002,131002,471301,471301,1059457,1059457,1661760,1661760,https://iftincharter.net/2021_ESSER_III_Expenditure_Plan_Iftin_Charter_School_20211026.pdf
37103710124321,Howard Gardner Community Charter,San Diego,71233,71233,282091,282091,634123,634123,987447,987447,https://4.files.edl.io/3e73/02/11/22/165028-ee1a01f2-d734-4a64-a13e-2c80968197fa.pdf
37103710134577,Audeo Charter II,San Diego,47304,47304,160728,160728,361307,361307,569339,569339,https://audeo2.com/wp-content/uploads/2021/12/Audeo-II-ESSER-III-Plan-Board-Approved-10.20.21.pdf
37103710136085,Scholarship Prep - Oceanside,San Diego,72878,72878,291226,291226,654658,654658,1018762,1018762,https://oceanside.scholarshipschools.org/download/618c48d1e501f.pdf
37103710138016,Pacific Springs Charter,San Diego,58811,58811,279609,279609,628544,628544,966964,966964,
37103710138594,Dual Language Immersion North County,San Diego,25293,25293,108002,108002,242783,242783,376078,376078,
37679670000000,Alpine Union Elementary,San Diego,120448,120448,596463,596463,1340814,1340814,2057725,2057725,https://core-docs.s3.amazonaws.com/documents/asset/uploaded_file/1940744/ESSER_3_Expenditure_Plan_Board.pdf
37679830000000,Borrego Springs Unified,San Diego,88393,88393,306004,306004,687879,687879,1082276,1082276,https://cdnsm5-ss11.sharpschool.com/UserFiles/Servers/Server_6772881/Image/Departments/Educational%20Services/Esser%20III%20expenditure%20plan%2010-8-21.pdf
37679910000000,Cajon Valley Union,San Diego,5002615,5002615,23784337,23784337,53126816,53465790,81913768,82252742,https://go.boarddocs.com/ca/cvusd/Board.nsf/files/C7KSTA6D0F3C/$file/ESSER%20PLAN.pdf
37679910108563,EJE Elementary Academy Charter,San Diego,141481,141481,560281,560281,1259478,1259478,1961240,1961240,https://drive.google.com/file/d/1e40FQo146sCMD0Folyxcn17oz-e2nBpp/view
37679910119255,EJE Middle Academy,San Diego,63086,63086,261234,261234,587239,587239,911559,911559,https://drive.google.com/file/d/1CwRYHiiH5XWXa98RXeNFAhfnsjp9-LZx/view
37679910139394,Kidinnu Academy,San Diego,48130,48130,192329,192329,432345,432345,672804,672804,https://kidinnu.com/about-us/school-reports/esser-iii-plan/
37680230000000,Chula Vista Elementary,San Diego,4490188,4490188,19862742,19862742,44650275,44650275,69003205,69003205,https://cdnsm5-ss12.sharpschool.com/UserFiles/Servers/Server_411950/File/Community/LCAP/2021-22/2021_ESSER_III_Expenditure_Plan_Chula_Vista_Elementary_School_District_20211209%20(1).pdf
37680230119594,Leonardo da Vinci Health Sciences Charter,San Diego,49146,49146,176812,176812,397463,397463,623421,623421,https://4.files.edl.io/b7bb/12/18/21/011719-c1e090b5-62c7-47d8-a440-c4bf6ccfcfbb.pdf
37680230138073,Learning Choice Academy - Chula Vista,San Diego,55047,55047,260579,260579,585766,585766,901392,901392,https://web.archive.org/web/20220117101136/https://www.learningchoice.org/documents/Compliance-Documents/TLC-CV-ESSER-3-Expenditure-Plan-Template-and-Instructions-Federal-Stimulus-Funding-CA-Dept-of-Education-1.pdf
37680236037956,Feaster (Mae L.) Charter,San Diego,379182,379182,1501600,1501600,3375508,3375508,5256290,5256290,https://cdnsm5-ss12.sharpschool.com/UserFiles/Servers/Server_13151932/File/2021_ESSER_III_Expenditure_Plan_Mae_L_Feaster_Charter_Elementary_School_20211018%20(1).pdf
37680236037980,Mueller Charter (Robert L.),San Diego,409735,409735,1622591,1622591,3647490,3647490,5679816,5679816,
37680236111322,Discovery Charter,San Diego,83590,83590,329490,329490,740673,740673,1153753,1153753,
37680236115778,Chula Vista Learning Community Charter,San Diego,316673,316673,1254057,1254057,2819046,2819046,4389776,4389776,https://www.cvlcc.org/common/pages/DisplayFile.aspx?itemId=1238853
37680236116859,Arroyo Vista Charter,San Diego,42849,42849,169685,169685,381441,381441,593975,593975,https://arroyovistacharterschool.wordpress.com/wp-content/uploads/2021/11/avcs-esser-iii-plan.pdf
37680310000000,Coronado Unified,San Diego,143057,143057,577726,577726,1298694,1298694,2019477,2019477,https://legistarweb-production.s3.amazonaws.com/uploads/attachment/pdf/1051439/CUSD_2021_ESSER_III_Expenditure_Plan.pdf
37680490000000,Dehesa Elementary,San Diego,18298,18298,74948,74948,168479,168479,261725,261725,https://web.archive.org/web/20230630201053/https://www.dehesasd.net/files/user/2/file/ESSER%20111%20Expenditure%20Plan/ESSER%20Plan.pdf
37680560000000,Del Mar Union Elementary,San Diego,107479,107479,811939,811939,1825191,1825191,2744609,2744609,https://web.archive.org/web/20220703112348/https://www.dmusd.org/documents/Departments/Instructional-Services/LCAP%202021-2024%20and%20Related%20Documents/ESSER-III-Expenditure-Plan-Approved-8-25-21.pdf
37680800000000,Encinitas Union Elementary,San Diego,348172,348172,1378796,1378796,3099453,3099453,4826421,4826421,
37680980000000,Escondido Union,San Diego,4054079,4054079,16054565,16054565,35729740,36089718,55838384,56198362,
37680980133991,Epiphany Prep Charter,San Diego,216620,216620,0,857836,0,0,216620,1074456,
37681060000000,Escondido Union High,San Diego,1618730,1618730,6410336,6410336,14410058,14410058,22439124,22439124,https://4.files.edl.io/6fd3/03/24/22/223856-5107b2d1-2e57-4b9b-bab5-3e34e45fb329.pdf
37681140000000,Fallbrook Union Elementary,San Diego,1064413,1064413,4215183,4215183,9475484,9475484,14755080,14755080,https://www.fuesd.org/wp-content/uploads/2022/04/2021-ESSER-III-Expenditure-Plan-Brd-Appv.pdf
37681220000000,Fallbrook Union High,San Diego,344645,344645,1364829,1364829,2570229,3068055,4279703,4777529,https://4.files.edl.io/25f2/11/10/21/213141-57b1d4e9-2743-46ea-9935-8c67e444bce1.pdf
37681300000000,Grossmont Union High,San Diego,3905802,3905802,16671323,16671323,37476153,37476153,58053278,58053278,https://drive.google.com/file/d/1-dYmt4EB3md30OO-oVFUlAHKdl-DBuMr/view
37681300139063,The Learning Choice Academy - East County,San Diego,49955,49955,197826,197826,444700,444700,692481,692481,https://web.archive.org/web/20220523083847/https://www.learningchoice.org/documents/Compliance-Documents/TLC-EC-ESSER-3-Expenditure-Plan-Template-and-Instructions-Federal-Stimulus-Funding-CA-Dept-of-Education-1.pdf
37681303731262,Steele Canyon High,San Diego,179121,179121,790958,790958,1778028,1778028,2748107,2748107,https://drive.google.com/file/d/1T-nl1sOmK7T1J-V2kDch5bXC9BOK2llA/view
37681303732732,Helix High,San Diego,455491,455491,1774812,1774812,3989674,3989674,6219977,6219977,https://drive.google.com/file/d/1A7BxkRhFTRqWdT5s2x5OidnfnrjaU95Z/view
37681550000000,Jamul-Dulzura Union Elementary,San Diego,141640,141640,560910,560910,1260892,1260892,1963442,1963442,
37681630000000,Julian Union Elementary,San Diego,44439,44439,150994,150994,339425,339425,534858,534858,https://sites.google.com/a/juesd.net/district-reporting/
37681630128421,Harbor Springs Charter,San Diego,122160,122160,439491,439491,987950,987950,1549601,1549601,
37681630139402,Brookfield Engineering Science Technology Academy,San Diego,91844,91844,367015,367015,825029,825029,1283888,1283888,
37681710000000,Julian Union High,San Diego,29886,29886,298382,298382,670745,670745,999013,999013,https://drive.google.com/file/d/122VVBUVNPZWwX7KWARtDmMLPoKUwzbaj/view
37681890000000,Lakeside Union Elementary,San Diego,501168,501168,2188266,2188266,4919093,4919093,7608527,7608527,https://www.lakeside.k12.ca.us/files/user/24/file/2021_ESSER_III_Expenditure_Plan_Lakeside_Elementary_School_Board_Approved_10_19_2021.pdf
37681970000000,La Mesa-Spring Valley,San Diego,2078508,2078508,8992192,8992192,20213918,20213918,31284618,31284618,https://www.lmsvschools.org/wp-content/uploads/2021/10/2021-ESSER-III-Expenditure-Plan-La-Mesa-Spring-Valley-FINAL-10.5.21.pdf
37681970136408,Sparrow Academy,San Diego,19668,19668,77888,77888,175088,175088,272644,272644,https://drive.google.com/file/d/10UjTQGKvedsC79FY33Y1XigNJV4YLpt8/view
37682050000000,Lemon Grove,San Diego,690151,690151,2797765,2797765,6200210,6289210,9688126,9777126,https://go.boarddocs.com/ca/lgsd/Board.nsf/files/C7LK5C4F8D67/$file/2021%20ESSER%20III%20Expenditure%20Plan.pdf
37682130000000,Mountain Empire Unified,San Diego,332151,332151,1789435,1789435,4022545,4022545,6144131,6144131,https://www.meusd.org/documents/Finance/Esser%20III/2021_ESSER_III_Expenditure_Plan_Mountain_Empire_Unified_School_District_20220411.pdf
37682130127084,Compass Charter Schools of San Diego,San Diego,53245,53245,352235,352235,791802,791802,1197282,1197282,https://www.compasscharters.org/wp-content/uploads/2021/09/ESSER-III-Expenditure-Plan-CCS-of-San-Diego.pdf
37682130136978,Elite Academic Academy - Mountain Empire,San Diego,27290,27290,111179,111179,249924,249924,388393,388393,https://www.eliteacademic.com/wp-content/uploads/2022/04/ESSER-III-EAA-ME-21.22.pdf
37682210000000,National Elementary,San Diego,1291301,1291301,5402354,5402354,12144173,12144173,18837828,18837828,
37682210101360,Integrity Charter,San Diego,113499,113499,449466,449466,1010374,1010374,1573339,1573339,
37682960000000,Poway Unified,San Diego,1543396,1543396,7590794,7590794,17063657,17063657,26197847,26197847,https://4.files.edl.io/d876/05/04/23/174227-9579a03a-6643-474c-acb9-a2ccf1932920.pdf
37683040000000,Ramona City Unified,San Diego,476222,476222,2057953,2057953,4626158,4626158,7160333,7160333,https://4.files.edl.io/db33/11/03/22/223428-42218f7d-899b-4265-84c1-aac6e894e1de.pdf
37683380000000,San Diego Unified,San Diego,30720721,30720721,134983025,134983025,303433896,303433896,469137642,469137642,https://drive.google.com/file/d/1vQxvPpxUKxVQDmhRdPbpjc45BsdM6Tla/view
37683380101204,High Tech Middle,San Diego,47109,47109,186557,186557,419370,419370,653036,653036,https://www.hightechhigh.org/wp-content/uploads/2022/01/HTM-ESSER-III-Expenditure-Plan.pdf
37683380101345,KIPP Adelante Preparatory Academy,San Diego,119965,119965,458725,458725,1031188,1031188,1609878,1609878,https://campussuite-storage.s3.amazonaws.com/prod/735103/5e2e7db8-b8d5-11e6-bf0d-22000bd8490f/2320879/bee0c836-1fd6-11ec-b084-0e89542fda31/file/KAPA%202021_ESSER_III_Expenditure_Plan_20210914.pdf
37683380106732,High Tech High International,San Diego,53064,53064,196517,196517,441760,441760,691341,691341,https://www.hightechhigh.org/wp-content/uploads/2022/01/HTHI-ESSER-III-Expenditure-Plan.pdf
37683380106799,Learning Choice Academy,San Diego,126490,126490,429785,429785,966132,966132,1522407,1522407,https://resources.finalsite.net/images/v1692562158/learningchoiceorg/oaas5sfsg9xxkdwkm3uk/TLC-CV-ESSER-3-Expenditure-Plan-Template-and-Instructions-Federal-Stimulus-Funding-CA-Dept-of-Education-1.pdf
37683380107573,High Tech Middle Media Arts,San Diego,48955,48955,193869,193869,435805,435805,678629,678629,https://www.hightechhigh.org/wp-content/uploads/2022/01/HTMMA-ESSER-III-Expenditure-Plan.pdf
37683380108787,High Tech High Media Arts,San Diego,52167,52167,206588,206588,464397,464397,723152,723152,https://www.hightechhigh.org/wp-content/uploads/2022/01/HTHMA-ESSER-III-Expenditure-Plan.pdf
37683380109033,King-Chavez Arts and Athletics Academy,San Diego,103558,103558,413827,413827,930258,930258,1447643,1447643,https://drive.google.com/file/d/1CjIsZkyK4N5eqxEiZA8pEaQ2aYFMH6xX/view
37683380109041,King-Chavez Athletics Academy,San Diego,69438,69438,NA,NA,NA,NA,69438,69438,
37683380109157,Magnolia Science Academy San Diego,San Diego,28905,28905,167039,167039,375494,375494,571438,571438,https://www.magnoliapublicschools.org/ourpages/auto/2021/9/9/63010704/MSA-San%20Diego%20ESSER%20III%20Expenditure%20Plan.pdf?rnd=1635808131463
37683380111898,Albert Einstein Academies,San Diego,100291,100291,694372,694372,1560908,1560908,2355571,2355571,https://www.aeacs.org/wp-content/uploads/2021/10/2021-ESSER-III-Expenditure-Plan.pdf
37683380111906,King-Chavez Preparatory Academy,San Diego,144121,144121,570733,570733,1282975,1282975,1997829,1997829,https://drive.google.com/file/d/1KHI7efZL_fRpQ06ard9G-g4cXMtIgaWE/view
37683380114462,Health Sciences High and Middle College,San Diego,131133,131133,519301,519301,1167359,1167359,1817793,1817793,https://drive.google.com/file/d/1MsW_ZOeQRf5ca3Tl4_y8X3dT8ehtlqek/view
37683380118083,Innovations Academy,San Diego,25990,25990,114355,114355,257064,257064,397409,397409,https://innovationsacademy.org/wp-ia/wp-content/uploads/2022/04/2021_ESSER_III_Expenditure_Plan_Innovations_Academy.pdf
37683380118851,King-Chavez Community High,San Diego,190837,190837,686565,686565,1543357,1543357,2420759,2420759,https://drive.google.com/file/d/18AoPmpuANsLBvqsKetMVnSvEQKaJu1RV/view
37683380119610,Gompers Preparatory Academy,San Diego,411147,411147,1537615,1537615,3456468,3456468,5405230,5405230,https://www.gompersprep.org/wp-content/uploads/2021/10/ESSER-III-Expenditure-Plan_draft-for-board-approval_10_26_21.pdf
37683380121681,San Diego Global Vision Academy,San Diego,94870,94870,350721,350721,788400,788400,1233991,1233991,
37683380122788,School for Entrepreneurship and Technology,San Diego,20712,20712,71537,82022,184381,184381,276630,287115,
37683380124347,City Heights Preparatory Charter,San Diego,67128,67128,254919,254919,573043,573043,895090,895090,https://core-docs.s3.amazonaws.com/documents/asset/uploaded_file/4085/City_Heights_Prep/3387497/UPDATED_2021_ESSER_III_Expenditure_Plan_22.02.23.pdf
37683380127647,e3 Civic High,San Diego,115877,115877,416885,416885,937133,937133,1469895,1469895,
37683380128066,Health Sciences Middle,San Diego,0,0,NA,NA,NA,NA,0,0,
37683380129387,Empower Language Academy,San Diego,34083,34083,134972,134972,303408,303408,472463,472463,https://drive.google.com/file/d/1ZIg7SuqUzckGv4O8DKw6vkB-Ndrqn7P3/view
37683380131565,High Tech Elementary,San Diego,69786,69786,276361,276361,621243,621243,967390,967390,https://www.hightechhigh.org/wp-content/uploads/2022/01/HTE-ESSER-III-Expenditure-Plan.pdf
37683380131979,Ingenuity Charter,San Diego,38705,38705,181700,181700,408451,408451,628856,628856,https://4.files.edl.io/3050/10/25/23/175031-e28f99a5-38a5-4578-9a4a-9d0e0ca0e011.pdf
37683380135913,Urban Discovery Academy Charter,San Diego,49255,49255,279536,279536,628379,628379,957170,957170,https://4.files.edl.io/ff8c/01/06/22/184425-bf65b404-454a-465d-941a-c07ed733fc78.pdf
37683380136663,America's Finest Charter,San Diego,142972,142972,626151,626151,1407550,1407550,2176673,2176673,https://60d8f19c-3fcb-439b-ba89-45f4588aaf97.filesusr.com/ugd/fb0d8f_14e8077ae0b5483d9c0e315fbfe4c875.pdf
37683380137802,Suncoast STEAM Academy,San Diego,14192,28402,23376,114818,0,0,37568,143220,
37683383731189,Preuss School UCSD,San Diego,299816,299816,1187303,1187303,2668987,2668987,4156106,4156106,https://preuss.ucsd.edu/_files/quick-links/The%20Preuss%20School%20UC%20San%20Diego%20ESSER%20III%20Expenditure%20Plan%201-14-2022.pdf
37683383731247,High Tech High,San Diego,62069,62069,245802,245802,552547,552547,860418,860418,https://www.hightechhigh.org/wp-content/uploads/2022/01/HTH-ESSER-III-Expenditure-Plan.pdf
37683386039457,Darnall Charter,San Diego,195072,195072,714986,714986,1607246,1607246,2517304,2517304,https://4.files.edl.io/2cb2/10/20/21/154313-a99d6944-22cb-480c-96de-39b5dba82b2b.pdf
37683386039812,Keiller Leadership Academy,San Diego,188995,188995,748441,748441,1682451,1682451,2619887,2619887,https://4.files.edl.io/d38d/10/14/21/163223-2c80f7f0-3464-4e02-8f52-d0bac5bf3718.pdf
37683386040018,Harriet Tubman Village Charter,San Diego,146969,146969,582013,582013,1308332,1308332,2037314,2037314,https://tubmancharter.edliotest.com/2021_ESSER_III_Expenditure_Plan_Harriet_Tubman_Village_Charter_School_20211022%20_2_.pdf
37683386040190,King-Chavez Primary Academy,San Diego,142312,142312,519814,519814,1168511,1168511,1830637,1830637,https://drive.google.com/file/d/1EuMwqvcolyfgndKHm1L3ejS94eHCFMJs/view
37683386061964,The O'Farrell Charter,San Diego,407166,407166,1561428,1561428,3509997,3509997,5478591,5478591,https://4.files.edl.io/687c/01/19/22/175107-4117f46c-75f4-4793-b42a-e205d4a92686.pdf
37683386113211,McGill School of Success,San Diego,54423,54423,196282,196282,441230,441230,691935,691935,
37683386115570,Museum,San Diego,10650,10650,50825,50825,114251,114251,175726,175726,https://drive.google.com/file/d/1oYTEQ-2iXt9nhN__CCZOUxHEyeYdWYRV/view
37683386117279,Holly Drive Leadership Academy,San Diego,48589,48589,178196,178196,400574,400574,627359,627359,https://uploads-ssl.webflow.com/5c2e4a3de319b4e946b4d29f/624f762f9897f442a97dfdba_HDLA%20ESSER%20III%20Expenditure%20Plan%20Template%20and%20Instructions.pdf
37683386117683,High Tech Elementary Explorer,San Diego,43481,43481,172874,172874,388611,388611,604966,604966,https://www.hightechhigh.org/wp-content/uploads/2022/01/HTeX-ESSER-III-Expenditure-Plan.pdf
37683386119168,San Diego Cooperative Charter,San Diego,66731,66731,264263,264263,594048,594048,925042,925042,https://web.archive.org/web/20211228225512/https://www.lbsd.k12.ca.us/cms/lib/CA01001039/Centricity/Domain/1/2021_ESSER_III_Expenditure_Plan_Luther_Burbank_Elementary_School_20211005%20DRAFT.pdf
37683386119598,King-Chavez Academy of Excellence,San Diego,124964,124964,494764,494764,1112200,1112200,1731928,1731928,https://drive.google.com/file/d/1vi_EFp9oDkcsbbRx4wrklZe0KoX023DY/view
37683386120935,Albert Einstein Academy Charter Elementary,San Diego,75863,75863,281311,281311,0,632371,357174,989545,https://www.aeacs.org/wp-content/uploads/2021/10/2021-ESSER-III-Expenditure-Plan.pdf
37683460000000,San Dieguito Union High,San Diego,560520,560520,2469301,2469301,5550844,5550844,8580665,8580665,
37683530000000,San Pasqual Union Elementary,San Diego,67195,67195,228314,228314,513237,513237,808746,808746,https://resources.finalsite.net/images/v1708075961/sanpasqualschoolwirescom/omtvihpzqc9phlqgufm5/ItemM-ESSERIIIExpenditurePlan10-12-2021.pdf
37683610000000,Santee,San Diego,446284,446284,2079813,2079813,4675298,4675298,7201395,7201395,https://cdnsm5-ss16.sharpschool.com/UserFiles/Servers/Server_27050313/File/Superintendent/District%20Expenditure%20Plans/2021_ESSER_III_Expenditure_Plan_Santee_School_District_20211209.pdf
37683790000000,San Ysidro Elementary,San Diego,1148111,1148111,4683652,4683652,10528573,10528573,16360336,16360336,https://www.sysdschools.org/cms/lib/CA02206824/Centricity/Domain/4/2021%20ESSER%20III%20Expenditure%20Plan%20San%20Ysidro%20Elementary%20School%20District.pdf
37683870000000,Solana Beach Elementary,San Diego,139942,139942,590217,590217,1326774,1326774,2056933,2056933,https://go.boarddocs.com/ca/solana/Board.nsf/files/C86SQJ737B9D/$file/2021_ESSER_III_Expenditure_Plan_Solana_Beach_School_District_20211025.pdf
37683950000000,South Bay Union,San Diego,1696507,1696507,7181655,7181655,16143938,16143938,25022100,25022100,https://4.files.edl.io/0bc0/01/31/22/231023-b8cb41b8-e5ae-43c2-b9ae-22fb0f70e6b3.pdf
37684030125401,Insight @ San Diego,San Diego,35184,35184,145574,145574,257701,327241,438459,507999,
37684036120893,California Virtual Academy @ San Diego,San Diego,362075,362075,1623059,1704952,2767331,3832631,4752465,5899658,
37684110000000,Sweetwater Union High,San Diego,8317682,8317682,34951925,34951925,69574213,78569871,112843820,121839478,https://sweetwaterschools.novusagenda.com/agendapublic/CoverSheet.aspx?ItemID=10141&MeetingID=654
37684110126086,Hawking S.T.E.A.M. Charter,San Diego,192558,192558,941293,941293,2115971,2115971,3249822,3249822,https://web.archive.org/web/20220627051841/https://www.hawkingschools.org/_files/ugd/f93e5a_c376675f342546bc8db85f8454cc54a0.pdf
37684113731304,MAAC Community Charter,San Diego,45857,45857,164978,164978,370862,370862,581697,581697,https://drive.google.com/file/d/1ll5qW5UJLZg7Imc8pKafjX-SiE6dAcwM/view
37684370000000,Vallecitos Elementary,San Diego,45008,45008,178129,178129,400423,400423,623560,623560,https://content.myconnectsuite.com/api/documents/5238637392c2477ab6e80fd51267010f.pdf
37684520000000,Vista Unified,San Diego,4076975,4076975,18354819,18354819,34058648,41260552,56490442,63692346,https://drive.google.com/file/d/1PpHucHC80zugQXKEC_FLMlxH9w_YcRtb/view
37684520106120,SIATech,San Diego,101496,101496,490424,490424,1102445,1102445,1694365,1694365,
37684520114264,North County Trade Tech High,San Diego,23199,23199,117908,117908,265050,265050,406157,406157,https://4.files.edl.io/7044/04/08/22/171048-32cd9dc2-36c0-4ebe-bc36-a05cb41cb16f.pdf
37684520128223,Bella Mente Montessori Academy,San Diego,66937,66937,260005,260005,584475,584475,911417,911417,https://irp.cdn-website.com/ed640fb7/files/uploaded/Final-ARP-ESSER-LEA-Plan-Bella-Mente-Montessori-Academy.pdf
37684523730942,Guajome Park Academy Charter,San Diego,263603,263603,1043896,1043896,2346618,2346618,3654117,3654117,https://resources.finalsite.net/images/v1685040813/guajomenet/oobal2soqn7rf6ghm5as/9187143315328714662.pdf
37735510000000,Carlsbad Unified,San Diego,841547,841547,3332613,3332613,7491517,7491517,11665677,11665677,https://files.smartsites.parentsquare.com/3467/esser_iii_expenditure_plan.pdf
37735690000000,Oceanside Unified,San Diego,3155124,3155124,12494611,12494611,28087150,28087150,43736885,43736885,https://resources.finalsite.net/images/v1697485255/osideus/lmpkgmyfyraro0nf4fou/2021_ESSER_III_Expenditure_Plan_Oceanside_Unified_School_District_20210930.pdf
37737910000000,San Marcos Unified,San Diego,2047282,2047282,8223915,8223915,18486877,18486877,28758074,28758074,
37754160000000,Warner Unified,San Diego,76422,76422,378281,378281,850354,850354,1305057,1305057,
37754160139378,Sage Oak Charter School - South,San Diego,28276,28276,111975,111975,251712,251712,391963,391963,https://web.archive.org/web/20220702112745/https://www.sageoak.education/media/uploads/2021_esser_iii_expenditure_plan_sage_oak_charter_school_-_south_20211101.pdf
37754160139386,Excel Academy Charter,San Diego,74545,74545,295206,295206,663605,663605,1033356,1033356,https://dwscbcy9jc8hm.cloudfront.net/sites/585/comfy/cms/files/73196/files/original/2021_esser_iii_expenditure_plan_excel_academy_charter_school_-_warner_20220119_final.pdf
37756140000000,Valley Center-Pauma Unified,San Diego,585678,585678,2274216,2274216,5112304,5112304,7972198,7972198,https://core-docs.s3.amazonaws.com/documents/asset/uploaded_file/2756/VCPUSD/2217363/ESSER_III_Expenditure_Plan.pdf
37764710000000,SBC - High Tech High,San Diego,421628,421628,1706703,1706703,3836569,3836569,5964900,5964900,https://www.hightechhigh.org/wp-content/uploads/2022/01/SBC-HTH-ESSER-III-Expenditure-Plan.pdf
37768510000000,Bonsall Unified,San Diego,327376,327376,1209153,1209153,2718104,2718104,4254633,4254633,https://4.files.edl.io/f82f/11/02/22/174610-72878c70-c79a-4e91-921f-b0f922fe3096.pdf
37771560137323,Vista Springs Charter,San Diego,34296,34296,191232,191232,429879,429879,655407,655407,
37771720138099,Baypoint Preparatory Academy - San Diego,San Diego,23508,23508,93094,93094,209271,209271,325873,325873,https://static1.squarespace.com/static/5f849140ef79354527f78734/t/6414cdaf917bd53a6a1f8551/1679084994713/BPA+SD+ESSER+3+Expenditure+Plan+-+Updated+1.31.23+%281%29.pdf
38103890000000,San Francisco County Office of Education,San Francisco,277243,277243,1210814,1210834,2721883,2721883,4209940,4209960,https://drive.google.com/file/d/1VmiKU2sNrRIUGsBwbBoVJhAUllfbU5Ki/view
38684780000000,San Francisco Unified,San Francisco,10582766,10582766,41908829,41908829,94208580,94208580,146700175,146700175,https://drive.google.com/file/d/1VmiKU2sNrRIUGsBwbBoVJhAUllfbU5Ki/view
38684780101337,KIPP Bayview Academy,San Francisco,83437,83437,345222,345222,776039,776039,1204698,1204698,
38684780101352,KIPP San Francisco Bay Academy,San Francisco,113812,113812,450708,450708,1013164,1013164,1577684,1577684,https://drive.google.com/file/d/1CWVmtTBafp8ttJk7DXG_a1UrQc7WTo2L/view
38684780107300,City Arts & Leadership Academy,San Francisco,75565,75565,299243,299243,672681,672681,1047489,1047489,
38684780123265,Gateway Middle,San Francisco,58556,58556,198961,198961,447252,447252,704769,704769,https://www.gatewaypublicschools.org/sites/default/files/2022-02/GMS%20esseriii%20expenditure%20plan.pdf
38684780123505,Mission Preparatory,San Francisco,97961,97961,426178,426178,958023,958023,1482162,1482162,
38684780127530,KIPP San Francisco College Preparatory,San Francisco,124723,124723,516047,516047,1160042,1160042,1800812,1800812,https://drive.google.com/file/d/1k32UBaw6TDBxjf1nZBApKzu8YhQWfZnW/view
38684783830411,Leadership High,San Francisco,66759,66759,270185,270185,283801,607359,620745,944303,
38684783830437,Gateway High,San Francisco,64531,64531,253835,253835,570606,570606,888972,888972,https://www.gatewaypublicschools.org/sites/default/files/2022-02/GHS%20esseriii%20expenditure%20plan.pdf
38684786040935,Thomas Edison Charter Academy,San Francisco,209067,209067,791014,791014,1778153,1778153,2778234,2778234,https://tb2cdn.schoolwebmasters.com/accnt_405050/site_405051/Documents/ESSER-III-Plan-2021-Remediated.pdf
38684786112601,Creative Arts Charter,San Francisco,26702,26702,90727,90727,203949,203949,321378,321378,
38769190132159,OnePurpose,San Francisco,36425,43935,NA,NA,NA,NA,36425,43935,
38769270132183,The New School of San Francisco,San Francisco,5311,5311,22731,22731,51098,51098,79140,79140,https://static1.squarespace.com/static/55391fb4e4b05ff3f1e0b145/t/62548c1938bd7b400d692c7d/1649708057872/NSSF+FY22+ESSER+III+Expenditure+Plan.pdf
38771310137307,KIPP Bayview Elementary,San Francisco,42721,42721,203391,203391,457212,457212,703324,703324,https://drive.google.com/file/d/1H0a3Eh2wwYQxK6VIxBCkY3p8YYRv9kw_/view
39103970000000,San Joaquin County Office of Education,San Joaquin,778584,778584,3503604,3503604,7875895,7875895,12158083,12158083,https://www.sjcoe.org/LCAP/pdf/2021_ESSER_III_Expenditure_Plan_San_Joaquin_County_Office_of_Education_20211021.pdf
39103970124958,TEAM Charter,San Joaquin,224986,224986,930890,930890,2060201,2092586,3216077,3248462,https://www.team-charter.org/apps/pages/index.jsp?uREC_ID=4362708&type=d&pREC_ID=2560956
39685020000000,Escalon Unified,San Joaquin,547367,547367,2269686,2269686,5102120,5102120,7919173,7919173,https://4.files.edl.io/69bd/07/15/22/180917-0b3097de-854e-407c-96e1-64e9db01aa9d.pdf
39685440000000,Jefferson Elementary,San Joaquin,166710,166710,843168,843168,1895391,1895391,2905269,2905269,
39685690000000,Lincoln Unified,San Joaquin,1595246,1595246,7362063,7362063,16549485,16549485,25506794,25506794,https://resources.finalsite.net/images/v1689779217/lusdnet/d6bauosj0zf1tv7cp7t9/2021_ESSER_III_Expenditure_Plan_Lincoln_Unified_School_District_202201192.pdf
39685770000000,Linden Unified,San Joaquin,424541,424541,1678973,1678973,3774233,3774233,5877747,5877747,https://4.files.edl.io/d8cd/07/14/23/150935-f9f3da39-b541-467c-ac2c-50fa2c5e35d8.pdf
39685850000000,Lodi Unified,San Joaquin,6436306,6436306,31911196,31911196,66066062,71734491,104413564,110081993,https://resources.finalsite.net/images/v1640395545/lodiusdnet/ymrqywgnqm104sj6k8hq/2021_ESSER_III_Expenditure_Plan_Lodi_Unified_School_District_20211217.pdf
39685850101956,Aspire Benjamin Holt College Preparatory Academy,San Joaquin,61213,61213,265084,265084,595893,595893,922190,922190,
39685850122580,Rio Valley Charter,San Joaquin,128393,128393,531233,531233,982213,1194180,1641839,1853806,https://secureservercdn.net/198.71.233.213/d98.afe.myftpupload.com/wp-content/uploads/2021/10/ESSER-III-2022-24-school-years-RVCS.pdf
39685850133678,Aspire Benjamin Holt Middle,San Joaquin,78677,78677,373295,373295,839144,839144,1291116,1291116,
39685856116594,Aspire Vincent Shalvey Academy,San Joaquin,56783,56783,224866,224866,505486,505486,787135,787135,
39685856118921,Aspire River Oaks Charter,San Joaquin,86308,86308,371718,371718,835600,835600,1293626,1293626,
39685930000000,Manteca Unified,San Joaquin,3787632,3787632,19330241,19330241,39149709,43453244,62267582,66571117,https://resources.finalsite.net/images/v1682088885/mantecausdnet/l4a0ejgssdpbbdzskjjs/Revised_ESSER_III_Expenditure_Plan_Manteca_Unified_School_District_20221108.pdf
39686190000000,New Hope Elementary,San Joaquin,87005,87005,344550,344550,774528,774528,1206083,1206083,
39686270000000,New Jerusalem Elementary,San Joaquin,32909,32909,191551,191551,430596,430596,655056,655056,https://drive.google.com/file/d/1-0Y9EKN4e6cPLWH1X5dy6vf_7NbLf9uL/view
39686270127191,California Virtual Academy @ San Joaquin,San Joaquin,219627,220119,1065209,1074812,2075001,2416115,3359837,3711046,
39686270133116,Insight @ San Joaquin,San Joaquin,41078,41078,179705,179705,321425,403966,542208,624749,
39686350000000,Oak View Union Elementary,San Joaquin,65865,65865,236674,236674,491572,532029,794111,834568,
39686500000000,Ripon Unified,San Joaquin,457889,457889,2419565,2419565,5439040,5439040,8316494,8316494,
39686760000000,Stockton Unified,San Joaquin,15082312,15082312,69730273,69730273,118850091,156749550,203662676,241562135,https://www.stocktonusd.net/cms/lib/CA01902791/Centricity/Domain/160/ESSER-III%20Grant%20Application%202021-2022-%20Final%20-%20Uploaded%20to%20Item%20on%2010-25-21.pdf
39686760108647,Aspire Rosa Parks Academy,San Joaquin,127719,127730,505823,505823,1137061,1137061,1770603,1770614,
39686760114876,Aspire Port City Academy,San Joaquin,97349,97349,385512,385512,866608,866608,1349469,1349469,
39686760117853,Dr. Lewis Dolphin Stallworth Sr. Charter,San Joaquin,96580,96580,386532,386532,868902,868902,1352014,1352014,https://www.stallworthcharter.org/accnt_206529/site_206530/Documents/ESSER-III-Expenditure-Plan.pdf
39686760118497,Aspire Langston Hughes Academy,San Joaquin,181248,181248,717761,717761,1613486,1613486,2512495,2512495,
39686760120725,Stockton Collegiate International Elementary,San Joaquin,68721,68721,370505,370505,832874,832874,1272100,1272100,
39686760120733,Stockton Collegiate International Secondary,San Joaquin,65464,65464,276067,276067,620583,620583,962114,962114,https://www.stocktoncollegiate.org/uploads/8/4/8/6/84861796/scis_esser_iii_expenditure_plan.pdf
39686760121541,Aspire APEX Academy,San Joaquin,76488,76488,318020,318020,714889,714889,1109397,1109397,
39686760136283,Team Charter Academy,San Joaquin,58084,58084,240324,240324,540233,540233,838641,838641,
39686760139865,Aspire Stockton 6-12 Secondary Academy,San Joaquin,0,0,87293,87293,196229,196229,283522,283522,
39686760139907,Voices College Bound Language Academy at Stockton,San Joaquin,0,0,56439,56439,126872,126872,183311,183311,https://voicesacademies.org/wp-content/uploads/2022/04/Voices-FY22-ESSER-III-Expenditure-Plan-ST.pdf
39686760139923,Aspire Arts & Sciences Academy,San Joaquin,13579,13579,78811,78811,177162,177162,269552,269552,
39686760139998,Vision Quest & Career Pathway,San Joaquin,0,0,NA,NA,NA,NA,0,0,
39754990000000,Tracy Joint Unified,San Joaquin,2055309,2055309,9540053,9540053,21445478,21445478,33040840,33040840,https://resources.finalsite.net/images/v1643326818/tracyk12caus/vrviqdmilz0bbeiaqwep/ESSERIIIExpPlanFinal102721.pdf
39767600000000,Lammersville Joint Unified,San Joaquin,154669,154669,712008,712008,1600552,1600552,2467229,2467229,https://4.files.edl.io/4203/09/29/22/210700-2a7492de-b453-421e-a6e6-c3477bb1d8ae.pdf
39773880000000,Banta Unified,San Joaquin,38903,38903,137368,137368,308794,308794,485065,485065,https://simbli.eboardsolutions.com/meetings/TempFolder/Meetings/2021_ESSER_III_Expenditure_Plan_Banta_Unified_1767523lrhzc2qhfhg25e1svpha04p.pdf
39773880127134,River Islands Technology Academy II,San Joaquin,49920,49920,222358,222358,499847,499847,772125,772125,https://web.archive.org/web/20220528043442/https://www.riacademies.net/Downloads/RiTechA_ESSER.pdf
39773880131789,NextGeneration STEAM Academy,San Joaquin,57233,57233,226648,226648,509492,509492,793373,793373,https://filecabinet10.eschoolview.com/E571F925-4442-472C-8895-F0B572EED75E/8a5276e4-a0d2-4a47-ba1a-617459a87291.pdf
40104050000000,San Luis Obispo County Office of Education,San Luis Obispo,662209,662209,2514758,2514758,5653028,5653028,8829995,8829995,https://drive.google.com/file/d/11Kx6ESLxl7i78gDmAwS8HoPDXMecMOSM/view?usp=sharing
40687000000000,Atascadero Unified,San Luis Obispo,322320,322320,1552053,1552053,3488924,3488924,5363297,5363297,https://drive.google.com/file/d/1afgRkD2wAzrKljDIUGeV1PXNSHGgCd-9/view
40687260000000,Cayucos Elementary,San Luis Obispo,69422,69422,235883,235883,530251,530251,835556,835556,https://4.files.edl.io/647d/06/14/23/231751-42d52356-599c-41dd-b013-8b99f6b60403.pdf
40687590000000,Lucia Mar Unified,San Luis Obispo,1004752,1004752,3978919,3978919,8944376,8944376,13928047,13928047,https://4.files.edl.io/8efc/09/24/21/223408-b90372a1-1b59-49f7-a838-9ba663b4f836.pdf
40687910000000,Pleasant Valley Joint Union Elementary,San Luis Obispo,17636,17636,59922,59922,128714,134701,206272,212259,https://4.files.edl.io/57d1/07/07/23/172021-9007a3ff-1170-43b8-84aa-fba7e2d463f4.pdf
40688090000000,San Luis Coastal Unified,San Luis Obispo,589147,589147,2333084,2333084,5244635,5244635,8166866,8166866,https://drive.google.com/file/d/1zIkDiig7TYN0cO3JD0sfYRar8Holj9a6/view
40688250000000,San Miguel Joint Union,San Luis Obispo,140616,140616,505889,505889,1137209,1137209,1783714,1783714,https://drive.google.com/file/d/1I5ALg-nHVl6iIwMis5bM8m9ztn56HdcQ/view
40688330000000,Shandon Joint Unified,San Luis Obispo,48642,48642,249122,249122,560011,560011,857775,857775,
40688410000000,Templeton Unified,San Luis Obispo,125568,125568,447150,447150,1005167,1005167,1577885,1577885,https://drive.google.com/file/d/1ppmKmd-q_lhLA00dyYFm3ZlIVqEI9mMk/view
40754570000000,Paso Robles Joint Unified,San Luis Obispo,1141896,1141896,4522024,4522024,9632111,10165243,15296031,15829163,https://4.files.edl.io/1905/01/23/23/160409-f5a5b7d9-0b62-4cba-8a98-e21fbea1538d.pdf
40754650000000,Coast Unified,San Luis Obispo,105422,105422,417481,417481,938472,938472,1461375,1461375,
41104130000000,San Mateo County Office of Education,San Mateo,164003,164003,590025,590025,1326342,1326342,2080370,2080370,
41104130135269,Oxford Day Academy,San Mateo,26509,26509,104978,104978,235984,235984,367471,367471,https://oxforddayacademy.org/wp-content/uploads/ODA-ESSERIII-Expenditure-plan.pdf
41688580000000,Bayshore Elementary,San Mateo,75466,75466,256452,256452,576488,576488,908406,908406,https://www.thebayshoreschool.org/documents/About-Us/LCAP/2021_ESSER_III_Expenditure_Plan_Bayshore_Elementary_School_20211007.pdf
41688660000000,Belmont-Redwood Shores Elementary,San Mateo,70912,70912,252258,252258,567062,567062,890232,890232,https://simbli.eboardsolutions.com/meetings/TempFolder/Meetings/ESSER%20III%2021-22%20plan_1769223lrhzc2qhfhg25e1svpha04p.pdf
41688740000000,Brisbane Elementary,San Mateo,16866,16866,66792,66792,150145,150145,233803,233803,https://4.files.edl.io/6293/04/09/22/182852-573073e4-0443-49ea-9f4a-5063490158a7.pdf
41688820000000,Burlingame Elementary,San Mateo,128803,128803,344753,344753,774985,774985,1248541,1248541,
41688900000000,Cabrillo Unified,San Mateo,96891,96891,382592,382592,860044,860044,1339527,1339527,
41689160000000,Jefferson Elementary,San Mateo,617996,617996,2447328,2447328,5501450,5501450,8566774,8566774,
41689160112284,California Virtual Academy San Mateo,San Mateo,100822,100822,215104,428492,568421,963224,884347,1492538,
41689240000000,Jefferson Union High,San Mateo,358485,358485,1419637,1419637,3191259,3191259,4969381,4969381,https://drive.google.com/file/d/1Rq_OPSUv5p6-88Th9cHKMc8vFgeiYxzK/view
41689240127548,Summit Public School: Shasta,San Mateo,26693,26693,105705,105705,237619,237619,370017,370017,https://summitps.org/wp-content/uploads/2021/11/ESSER-III-Expenditure-Plan-Summit-Public-School_-Shasta.docx.pdf
41689320000000,Pacifica,San Mateo,82464,82464,313221,313221,704102,704102,1099787,1099787,http://pacificaredesign.cyberschool.com/files/user/50/file/Pacifica-School-District-ESSER-III-Expenditure-Plan(1).pdf
41689400000000,La Honda-Pescadero Unified,San Mateo,80733,80733,319711,319711,718692,718692,1119136,1119136,https://core-docs.s3.amazonaws.com/documents/asset/uploaded_file/1978785/ESSER_III_Expenditure_Plan_La_Honda-Pescadero_USD.pdf
41689570000000,Las Lomitas Elementary,San Mateo,26909,26909,113735,113735,255670,255670,396314,396314,https://www.llesd.org/documents/Departments/Finance--Business-Services/Elementary-and-Secondary-School-Emergency-Relief-ESSER-III-amp-nbsp-Plan.pdf
41689650000000,Menlo Park City Elementary,San Mateo,36889,36889,NA,NA,NA,NA,36889,36889,
41689730000000,Millbrae Elementary,San Mateo,120628,120628,493409,493409,1109155,1109155,1723192,1723192,https://www.millbraeschooldistrict.org/cms/lib/CA50000692/Centricity/Domain/83/21.22%20ESSER%20III%20Plan.pdf
41689990000000,Ravenswood City Elementary,San Mateo,823006,823006,2991657,2991657,6725068,6725068,10539731,10539731,https://web.archive.org/web/20240412214255/http://www.ravenswoodschools.org/documents/Curriculum%20Instruction/Stimulus%20Plans/Ravenswood-ESSER-III-Expenditure-Plan-Board-Approved-14-Oct-2021.pdf
41689990134197,Aspire East Palo Alto Charter,San Mateo,239553,239553,878553,878553,1974934,1974934,3093040,3093040,
41689990135608,KIPP Valiant Community Prep,San Mateo,179737,179737,711776,711776,1600032,1600032,2491545,2491545,https://drive.google.com/file/d/1wStqC5pbqGEdUBwbRjG6Hk41rO6CmQQ6/view
41690050000000,Redwood City Elementary,San Mateo,1151123,1151123,4558562,4558562,10247380,10247380,15957065,15957065,https://resources.finalsite.net/images/v1643131527/rcsdk8net/zhhsetniqa1vgiecpul9/2021_ESSER_III_Expenditure_Plan_Redwood_City_Elementary_School_District_202111221.pdf
41690050127282,Connect Community Charter,San Mateo,58495,58495,242025,242025,544058,544058,844578,844578,https://drive.google.com/file/d/1SqXtvP4qHFU0vnPakn1MWD7-x3l0qebV/view
41690050132068,KIPP Excelencia Community Preparatory,San Mateo,191873,191873,864435,864435,1943198,1943198,2999506,2999506,https://drive.google.com/file/d/1NmX1pycLfMg2sPely_XQu7KlpzzV34km/view
41690050132076,Rocketship Redwood City,San Mateo,78514,78514,310924,310924,698938,698938,1088376,1088376,https://www.rocketshipschools.org/wp-content/uploads/2022/04/RRWC_esser-iii-expenditure-plan-_vF.pdf
41690130000000,San Bruno Park Elementary,San Mateo,218099,218099,871273,871273,1958571,1958571,3047943,3047943,
41690390000000,San Mateo-Foster City,San Mateo,790674,790674,2919396,2919396,6562629,6562629,10272699,10272699,https://resources.finalsite.net/images/v1687293516/smfcsdnet/ic9bqjahjwgaipqjrhpg/ESSERIIIExpenditurePlan.pdf
41690470000000,San Mateo Union High,San Mateo,469614,469614,1145674,1145674,2575407,2575407,4190695,4190695,https://resources.finalsite.net/images/v1714660668/smuhsdorg/x3dpffn8pojnfughpife/2021_esser_iii_expenditure_plan_san_mateo_union_high_school_district_20211213.pdf
41690620000000,Sequoia Union High,San Mateo,670336,670336,2513294,2513294,5649737,5649737,8833367,8833367,https://www.seq.org/documents/About%20Us/ESSER%20III%20Funds%20Expenditure%20Report/2021_ESSER_III_Expenditure_Plan_Sequoia_Union_High_School_District_20211022.pdf
41690620112722,Summit Preparatory Charter High,San Mateo,65382,65382,280046,280046,629526,629526,974954,974954,https://summitps.org/wp-content/uploads/2021/11/ESSER-III-Expenditure-Plan-Summit-Preparatory-Charter-High.docx.pdf
41690620119503,Everest Public High,San Mateo,79611,79611,329392,329392,740454,740454,1149457,1149457,https://summitps.org/wp-content/uploads/2021/11/ESSER-III-Expenditure-Plan-Everest-Public-High.docx.pdf
41690620126722,East Palo Alto Academy,San Mateo,107561,107561,425953,425953,957516,957516,1491030,1491030,
41690620139915,KIPP Esperanza High,San Mateo,30696,30696,241104,241104,541987,541987,813787,813787,https://drive.google.com/file/d/12QNAAkSqJaKmm49ZBx0MO9R6_vnqvUF5/view
41690700000000,South San Francisco Unified,San Mateo,697331,697331,2761501,2761501,6207691,6207691,9666523,9666523,https://4.files.edl.io/b2eb/06/14/22/220530-3341c7c7-b7a8-446d-8796-579861f0d687.pdf
41690880000000,Woodside Elementary,San Mateo,5548,5548,8393,27968,62870,62870,76811,96386,https://www.woodsideschool.us/documents/District/Budget%20and%20Finance/2021-22/ESSER-3-Expenditure-Plan.pdf
42691120124255,Trivium Charter,Santa Barbara,52229,52229,169506,169506,381039,381039,602774,602774,
42691120137877,Trivium Charter School Adventure,Santa Barbara,17561,17561,69543,69543,156328,156328,243432,243432,
42691120137885,Trivium Charter School Voyage,Santa Barbara,4391,4391,60354,60354,135673,135673,200418,200418,
42691200000000,Santa Maria-Bonita,Santa Barbara,3403503,3403503,13478217,13478217,27354035,30298239,44235755,47179959,https://resources.finalsite.net/images/v1644955998/smbsdorg/nwtooj6pvsw4gsxeozl7/ESSERlllExpenditurePlan.pdf
42691380000000,Buellton Union Elementary,Santa Barbara,31670,31670,125415,125415,281927,281927,439012,439012,https://cdnsm5-ss2.sharpschool.com/UserFiles/Servers/Server_3298304/Image/ESSER%20III%20Plan%20Board%20Approval%2010_13_21.pdf
42691460000000,Carpinteria Unified,Santa Barbara,283511,283511,1122734,1122734,2523839,2523839,3930084,3930084,https://drive.google.com/drive/u/0/folders/1Y21XJ--C10KYcwGoWqFcLsitWws_skqu
42691610000000,Cold Spring Elementary,Santa Barbara,10443,10443,41357,41357,92969,92969,144769,144769,https://core-docs.s3.amazonaws.com/documents/asset/uploaded_file/2016205/Elementary_and_Secondary_School_Emergency_Relief__ESSER_III_.pdf
42691790000000,College Elementary,Santa Barbara,31330,31330,181125,181125,407158,407158,619613,619613,https://collegeschooldistrict.org/wp-content/uploads/2021/11/ESSER-III-Expenditure-Plan-CESD16495.pdf
42691950000000,Goleta Union Elementary,Santa Barbara,298914,298914,1183730,1183730,2660955,2660955,4143599,4143599,https://campussuite-storage.s3.amazonaws.com/prod/1558577/b9bab726-e20e-11e8-a819-129b7c56a288/2374999/765618bc-8db0-11ec-b2c7-0a4fd36be55f/file/GUSD_ESSERIII%20Plan%202021_updated%2010.22.2021.pdf
42692030000000,Guadalupe Union Elementary,Santa Barbara,211504,211504,837579,837579,1882827,1882827,2931910,2931910,https://guadusd.org/files/user/2/file/2021_ESSER_III_Expenditure_Plan_Guadalupe_Union_Elementary_School_District_Adopted-10_13_21.pdf
42692110000000,Hope Elementary,Santa Barbara,92599,92599,380987,380987,856436,856436,1330022,1330022,
42692290000000,Lompoc Unified,Santa Barbara,2013169,2013169,8317694,8317694,13898449,18697687,24229312,29028550,https://resources.finalsite.net/images/v1697135623/lusdorg/xdw3pu9cxtzys7wntqwe/ESSER_III_Expenditure_Plan_Lompoc_Unified_School_District.pdf
42692290116921,Manzanita Public Charter,Santa Barbara,76752,76752,303944,303944,683249,683249,1063945,1063945,https://www.manzanitacharterschool.com/_files/ugd/a91599_3e50271ea6ac4e85a1582763d3c39080.pdf
42692450000000,Los Olivos Elementary,Santa Barbara,9806,9806,38730,38730,87062,87062,135598,135598,
42692520000000,Montecito Union Elementary,Santa Barbara,56287,56287,237922,237922,534834,534834,829043,829043,https://montecitou.org/329862_2
42692600000000,Orcutt Union Elementary,Santa Barbara,401029,401029,1588116,1588116,3569990,3569990,5559135,5559135,https://web.archive.org/web/20230328123643/https://www.orcuttschools.net/wp-content/uploads/2023/01/2021-2022-ESSER-III-Expenditure-Plan.pdf
42693100000000,Santa Maria Joint Union High,Santa Barbara,1449964,1449964,5900423,5900423,13263804,13263804,20614191,20614191,
42693360000000,Solvang Elementary,Santa Barbara,192976,192976,931334,931334,2093583,2093583,3217893,3217893,
42693440000000,Vista del Mar Union,Santa Barbara,1147,1147,4124,4124,9272,9272,14543,14543,
42750100000000,Cuyama Joint Unified,Santa Barbara,56912,56912,193453,193453,434872,434872,685237,685237,https://www.cuyamaunified.org/wp-content/uploads/2021_ESSER_III_Expenditure_Plan_Cuyama_Joint_Unified_School_District_20210928-4.pdf
42767860000000,Santa Barbara Unified,Santa Barbara,1860793,1860793,7368930,7368930,16564921,16564921,25794644,25794644,https://resources.finalsite.net/images/v1649921289/sbunifiedorg/j6nawimmbhawc6futg2w/SBUSD2021ESSERIIIExpenditurePlan.pdf
42767866045918,Peabody Charter,Santa Barbara,111909,111909,433072,433072,973521,973521,1518502,1518502,
42767866118202,Adelante Charter,Santa Barbara,66891,66891,245179,245179,551149,551149,863219,863219,https://secureservercdn.net/198.71.233.27/366.148.myftpupload.com/wp-content/uploads/2022/02/Adelante-Charter-ESSER-III-Plan-Adopted-10_28_21.pdf
42771980138362,Olive Grove Charter - Orcutt/Santa Maria,Santa Barbara,43145,43145,197833,197833,444717,444717,685695,685695,https://olivegrovecharter.org/wp-content/uploads/2021/11/OGCS-Orcutt-Santa-Maria-ESSER-III-Expenditure-Plan-v2.pdf
42772060138370,Olive Grove Charter - Lompoc,Santa Barbara,24634,24634,120970,120970,271934,271934,417538,417538,https://olivegrovecharter.org/wp-content/uploads/2021/11/OGCS-Lompoc-ESSER-III-Expenditure-Plan-v2.pdf
42772220138396,Olive Grove Charter - Santa Barbara,Santa Barbara,21852,21852,86536,86536,194528,194528,302916,302916,https://olivegrovecharter.org/wp-content/uploads/2021/11/OGCS-Santa-Barbara-ESSER-III-Expenditure-Plan-v2.pdf
43104390000000,Santa Clara County Office of Education,Santa Clara,1003934,1003934,3611810,3611810,8119135,8119135,12734879,12734879,https://www.sccoe.org/depts/bizserv/Documents/ESSER-III-Expenditure-Plan.pdf
43104390113704,Rocketship Mateo Sheedy Elementary,Santa Clara,186947,186947,672571,672571,1511900,1511900,2371418,2371418,https://www.rocketshipschools.org/wp-content/uploads/2022/04/RMS_esser-iii-expenditure-plan.pdf
43104390116814,ACE Empower Academy,Santa Clara,126778,126778,462233,462233,1039072,1039072,1628083,1628083,https://drive.google.com/file/d/1QQrZuBBGfaQlZs3OmfsgI-6CqZ-kz2TR/view
43104390119024,Rocketship Si Se Puede Academy,Santa Clara,165912,165912,596895,596895,1341785,1341785,2104592,2104592,https://www.rocketshipschools.org/wp-content/uploads/2022/04/RSSP_esser-iii-expenditure-plan.pdf
43104390120642,Rocketship Los Suenos Academy,Santa Clara,167234,167234,610850,610850,1373154,1373154,2151238,2151238,
43104390121483,Alpha: Cornerstone Academy Preparatory,Santa Clara,116162,116162,466222,466222,1048039,1048039,1630423,1630423,
43104390123257,Downtown College Prep - Alum Rock,Santa Clara,199461,199461,723479,723479,1626339,1626339,2549279,2549279,
43104390123281,Rocketship Discovery Prep,Santa Clara,148828,148828,567321,567321,1275304,1275304,1991453,1991453,https://www.rocketshipschools.org/wp-content/uploads/2022/04/RDP_esser-iii-expenditure-plan.pdf
43104390123794,Summit Public School: Tahoma,Santa Clara,33469,33469,132539,132539,297940,297940,463948,463948,https://summitps.org/wp-content/uploads/2021/11/ESSER-III-Expenditure-Plan-Summit-Public-School_-Tahoma.docx.pdf
43104390124065,Sunrise Middle,Santa Clara,72417,72417,311718,311718,700723,700723,1084858,1084858,https://sunrisemiddle.org/wp-content/uploads/bsk-pdf-manager/2024/06/2022_ESSER_III_Expenditure_Plan_Sunrise_Middle_Charter_School_20240623.pdf
43104390125781,Rocketship Academy Brilliant Minds,Santa Clara,167001,167001,661340,661340,1486653,1486653,2314994,2314994,https://www.rocketshipschools.org/wp-content/uploads/2022/04/RBM_esser-iii-expenditure-plan.pdf
43104390125799,Rocketship Alma Academy,Santa Clara,166160,166160,622519,622519,1399386,1399386,2188065,2188065,https://www.rocketshipschools.org/wp-content/uploads/2022/04/RSA_esser-iii-expenditure-plan.pdf
43104390128090,Summit Public School: Denali,Santa Clara,33469,33469,162004,162004,343734,364174,539207,559647,https://summitps.org/wp-content/uploads/2021/11/ESSER-III-Expenditure-Plan-Summit-Public-School_-Denali.docx.pdf
43104390129213,Alpha: Jose Hernandez,Santa Clara,132716,132716,477467,477467,1073319,1073319,1683502,1683502,
43104390131110,Rocketship Fuerza Community Prep,Santa Clara,167139,167139,661889,661889,1487887,1487887,2316915,2316915,https://www.rocketshipschools.org/wp-content/uploads/2022/04/RFZ_esser-iii-expenditure-plan.pdf
43104390131748,Voices College-Bound Language Academy at Morgan Hill,Santa Clara,71941,71941,284895,284895,640428,640428,997264,997264,https://voicesacademies.org/wp-content/uploads/2022/04/Voices-FY22-ESSER-III-Expenditure-Plan-MH-revised.pdf
43104390132530,Voices College-Bound Language Academy at Mt. Pleasant,Santa Clara,78578,78578,292112,292112,656651,656651,1027341,1027341,https://voicesacademies.org/wp-content/uploads/2022/04/Voices-FY22-ESSER-III-Expenditure-Plan-MP-revised.pdf
43104390133496,Rocketship Rising Stars,Santa Clara,149814,149814,577901,577901,1299087,1299087,2026802,2026802,https://www.rocketshipschools.org/wp-content/uploads/2022/04/RRS_esser-iii-expenditure-plan.pdf
43693690000000,Alum Rock Union Elementary,Santa Clara,2947628,2947628,10015414,10015414,22514061,22514061,35477103,35477103,https://resources.finalsite.net/images/v1649354040/arusdorg/et9l0wqfb0vft7mjazhz/2021_ESSER_III_Expenditure_Plan_Alum_Rock_Union_Elementary_School_District_October2021.pdf
43693690106633,KIPP Heartwood Academy,Santa Clara,126605,126605,501367,501367,1127044,1127044,1755016,1755016,https://drive.google.com/file/d/1x7yM76P6Kk5xFYj1k8ZVmcF5f1IVA8N8/view
43693690125526,Alpha: Blanca Alvarado,Santa Clara,136503,136503,491090,491090,1103942,1103942,1731535,1731535,
43693690129924,Kipp Prize Preparatory Academy,Santa Clara,127469,127469,488183,488183,1097406,1097406,1713058,1713058,https://drive.google.com/file/d/1QimZD7me-GsQ9DEWAt1P2CprkNOqmNjE/view
43693770000000,Berryessa Union Elementary,Santa Clara,687037,687037,2340543,2340543,5261403,5261403,8288983,8288983,https://www.berryessa.k12.ca.us/documents/ESSER%20III/ESSER-III-Expenditure-Plan.pdf
43693850000000,Cambrian,Santa Clara,85300,85300,289830,289830,651521,651521,1026651,1026651,https://resources.finalsite.net/images/v1695630564/cambriansdorg/gxx06elqmfr9npqhflni/CSDESSERIIIExpenditurePlan-Final.pdf
43693930000000,Campbell Union,Santa Clara,766554,766554,3035632,3035632,6823922,6823922,10626108,10626108,https://www.campbellusd.org/files/lcap2021-2024/2021-esserIII-expenditure-plan_campbellusd.pdf
43694010000000,Campbell Union High,Santa Clara,604971,604971,2055562,2055562,4620782,4620782,7281315,7281315,https://4.files.edl.io/45e4/10/16/23/204912-325805d4-94bb-493a-892a-778cf1dbd5d1.pdf
43694190000000,Cupertino Union,Santa Clara,324241,324241,1101703,1101703,2476564,2476564,3902508,3902508,https://go.boarddocs.com/ca/cusdk8/Board.nsf/files/C7TTSM78C99E/$file/CUSD%20ESSERIII%20Plan%20Fall%202021%20-%20Board%20Meeting%2010.28.21.pdf
43694270000000,East Side Union High,Santa Clara,3412308,3412308,11426052,11426052,25685093,25685093,40523453,40523453,https://go.boarddocs.com/ca/esuhsd/Board.nsf/files/C7RJUC4E318A/$file/ESUHSD%20ESSER%20III%20Plan%202021.pdf
43694270116889,KIPP San Jose Collegiate,Santa Clara,116119,116119,460613,460613,1035432,1035432,1612164,1612164,https://drive.google.com/file/d/1-No8PS1fUiHmV3JM_ixVvlVhwGLwhjUu/view
43694270125617,ACE Charter High,Santa Clara,109231,109231,429030,429030,964434,964434,1502695,1502695,https://drive.google.com/file/d/1Npb4hDuiJ5xmHKSirxT38-cKU61CxFOm/view
43694270130856,Luis Valdez Leadership Academy,Santa Clara,93897,93897,371843,371843,835880,835880,1301620,1301620,
43694270131995,B. Roberto Cruz Leadership Academy,Santa Clara,68049,68049,281555,281555,632920,632920,982524,982524,
43694270132274,Alpha Cindy Avitia High,Santa Clara,126990,126990,518976,518976,1166627,1166627,1812593,1812593,
43694274330668,Latino College Preparatory Academy,Santa Clara,125133,125133,478112,478112,1074769,1074769,1678014,1678014,
43694274330726,Escuela Popular Accelerated Family Learning,Santa Clara,92075,92075,400226,400226,899685,899685,1391986,1391986,
43694350000000,Evergreen Elementary,Santa Clara,1140452,1140452,4268837,4268837,9484566,9596095,14893855,15005384,https://resources.finalsite.net/images/v1650399354/evergreen/nkxeggefopopbarlx4pf/EvergreenESSERIIIExpenditurePlan.pdf
43694500000000,Franklin-McKinley Elementary,Santa Clara,2259377,2259377,8179325,8179325,18386642,18386642,28825344,28825344,
43694500113662,Voices College-Bound Language Academy,Santa Clara,118531,118531,461070,461070,1036459,1036459,1616060,1616060,https://voicesacademies.org/wp-content/uploads/2022/04/Voices-FY22-ESSER-III-Expenditure-Plan-Flagship-revised.pdf
43694500123299,Rocketship Mosaic Elementary,Santa Clara,167586,167586,611864,611864,1375434,1375434,2154884,2154884,https://www.rocketshipschools.org/wp-content/uploads/2022/04/ROMO_esser-iii-expenditure-plan.pdf
43694500128108,Rocketship Spark Academy,Santa Clara,143691,143691,538280,538280,1210022,1210022,1891993,1891993,https://www.rocketshipschools.org/wp-content/uploads/2022/04/RSK_esser-iii-expenditure-plan.pdf
43694500129205,KIPP Heritage Academy,Santa Clara,104588,104588,414343,414343,931419,931419,1450350,1450350,
43694500129247,ACE Esperanza Middle,Santa Clara,104143,104143,405472,405472,911477,911477,1421092,1421092,https://drive.google.com/file/d/15o2tf24G0LEycbOckKTDCFPZGuZQabL8/view
43694840000000,Gilroy Unified,Santa Clara,1527177,1527177,4897013,4897013,11008197,11008197,17432387,17432387,https://resources.finalsite.net/images/v1650056404/gusdk12caus/wdbatmvng6jmgl7dxq4u/GUSDESSERIIIPlan10-21-211.pdf
43694840123760,Gilroy Prep (a Navigator School),Santa Clara,76369,76369,302428,302428,679841,679841,1058638,1058638,https://4.files.edl.io/b3de/03/08/22/014626-8f9b47c7-8224-4bc2-b7ca-b100398aa352.pdf
43695000000000,Loma Prieta Joint Union Elementary,Santa Clara,16713,16713,39941,39941,89785,89785,146439,146439,https://core-docs.s3.amazonaws.com/documents/asset/uploaded_file/4133/LPJUE/3298113/2021_ESSER_III_Expenditure_Plan_Loma_Prieta_Joint_Union_Elementary_School_District_20211006.pdf
43695180000000,Los Altos Elementary,Santa Clara,79859,79859,309036,309036,694694,694694,1083589,1083589,
43695420000000,Luther Burbank,Santa Clara,66853,66853,264743,264743,595127,595127,926723,926723,https://web.archive.org/web/20211228225512/https://www.lbsd.k12.ca.us/cms/lib/CA01001039/Centricity/Domain/1/2021_ESSER_III_Expenditure_Plan_Luther_Burbank_Elementary_School_20211005%20DRAFT.pdf
43695750000000,Moreland,Santa Clara,359565,359565,1483350,1483350,3334484,3334484,5177399,5177399,https://go.boarddocs.com/ca/moreland/Board.nsf/files/C7ZTQT786D8D/$file/ESSER%20Plan.pdf
43695830000000,Morgan Hill Unified,Santa Clara,652158,652158,2449841,2449841,5507097,5507097,8609096,8609096,https://docs.google.com/document/d/1ICdetqLEKqD0Qhq42VurblCe2DodVttR/edit?rtpof=true&sd=true#heading=h.gjdgxs
43695910000000,Mountain View Whisman,Santa Clara,501372,501372,1044581,1044581,2348156,2348156,3894109,3894109,https://cdnsm5-ss12.sharpschool.com/UserFiles/Servers/Server_418774/File/About/District%20Plans/Reopening/COVID%20safety%20plans/2022_ESSER_III_Expenditure_Plan_Mountain_View_Whisman_School_District_20231010%20(1).pdf
43696090000000,Mountain View-Los Altos Union High,Santa Clara,209013,209013,436850,436850,982013,982013,1627876,1627876,
43696170000000,Mount Pleasant Elementary,Santa Clara,371374,371374,1322772,1322772,2973513,2973513,4667659,4667659,https://www.mpesd.org/Page/5267
43696250000000,Oak Grove Elementary,Santa Clara,1128900,1128900,4086938,4086938,9187195,9187195,14403033,14403033,https://resources.finalsite.net/images/v1635781834/ogsdnet/sae1bqohqoxd8roztfdx/2021_ESSER_III_Expenditure_Plan_Oak_Grove_Elementary_School_District_20211022.pdf
43696330000000,Orchard Elementary,Santa Clara,96776,96776,376733,376733,846873,846873,1320382,1320382,
43696410000000,Palo Alto Unified,Santa Clara,283647,283647,1034259,1034259,2324954,2324954,3642860,3642860,https://go.boarddocs.com/ca/pausd/Board.nsf/files/C7T29M011C19/$file/20211019ESSERIIIExpenditurePlan.pdf
43696660000000,San Jose Unified,Santa Clara,3637730,3637730,12637967,12637967,28409407,28409407,44685104,44685104,https://sjusd.app.box.com/s/3db30vewhqxmz8zz2cl0mm0r4j4wr2xf
43696660129718,Downtown College Preparatory Middle,Santa Clara,181517,181517,718824,718824,1615874,1615874,2516215,2516215,https://campussuite-storage.s3.amazonaws.com/prod/1558584/4bae99b4-3150-11e9-92cd-0aca6e5b2e44/2337326/af0d2240-38e7-11ec-9c57-02206e7921b9/file/Final%20DCP%20ECMS%20esseriiiexpenditureplan%20English%20and%20Spanish.pdf
43696660131656,ACE Inspire Academy,Santa Clara,86325,86325,341854,341854,768468,768468,1196647,1196647,https://drive.google.com/file/d/1zQ773b3pPR5YZA5rxL8d1qRuAJ7lv5kV/view
43696664330585,Downtown College Preparatory,Santa Clara,137759,137759,545540,545540,1226341,1226341,1909640,1909640,
43696740000000,Santa Clara Unified,Santa Clara,1072712,1072712,3837354,3837354,8626147,8626147,13536213,13536213,https://resources.finalsite.net/images/v1706312482/santaclarausdorg/ypcy67glk6caq774witi/2022-23_ESSER_III_Expenditure_Plan_Santa_Clara_Unified_School_District_20240125.pdf
43696820000000,Saratoga Union Elementary,Santa Clara,34722,34722,151025,151025,339496,339496,525243,525243,https://web.archive.org/web/20230530185117/https://www.saratogausd.org/cms/lib/CA01902749/Centricity/ModuleInstance/5322/2021_ESSER_III_Expenditure_Plan_Saratoga_Union_School_District.pdf
43696900000000,Sunnyvale,Santa Clara,432856,432856,1496013,1496013,3362949,3362949,5291818,5291818,https://www.sesd.org/site/handlers/filedownload.ashx?moduleinstanceid=2396&dataid=10724&FileName=2021_ESSER_III_Expenditure_Plan_Sunnyvale_School_District_20220411.pdf
43697080000000,Union Elementary,Santa Clara,108071,108071,422533,422533,949829,949829,1480433,1480433,
43733870000000,Milpitas Unified,Santa Clara,637462,637462,2524415,2524415,5674737,5674737,8836614,8836614,https://drive.google.com/file/d/11D1tb32shLlbG6bFnqEf-x55oiPLRxN6/view
43771150137059,Perseverance Preparatory,Santa Clara,0,0,0,0,0,0,0,0,
43771490137315,KIPP Navigate College Prep,Santa Clara,59939,59939,288898,288898,649426,649426,998263,998263,https://drive.google.com/file/d/1qhyVcVYya6ZmCsWfRovLqpary4YcoqcK/view
44104470000000,Santa Cruz County Office of Education,Santa Cruz,146538,146538,854806,854806,1921553,1921553,2922897,2922897,https://santacruzcoe.org/wp-content/uploads/2021/10/Board-Packet-October-21-2021.pdf
44697320000000,Bonny Doon Union Elementary,Santa Cruz,10956,10956,108821,108821,244623,244623,364400,364400,https://4.files.edl.io/add8/04/15/22/180818-dab58c3e-5a6e-4755-9c58-e0a7d2b74cd3.pdf
44697570000000,Happy Valley Elementary,Santa Cruz,6445,6445,40597,40597,91260,91260,138302,138302,https://web.archive.org/web/20220118072916/https://www.hvesd.com/uploads/5/7/8/1/57815731/2021_esser_iii_expenditure_plan_happy_valley_elementary_school_20211007__1_.pdf
44697650000000,Live Oak Elementary,Santa Cruz,282034,282034,1116882,1116882,2510685,2510685,3909601,3909601,https://4.files.edl.io/2714/04/17/22/040910-e56c428f-1b2d-487d-a337-4189d599b5ad.pdf
44697990000000,Pajaro Valley Unified,Santa Cruz,3952394,3952394,16369138,16369138,29904081,36796859,50225613,57118391,https://www.pvusd.net/documents/District/About-Us/LCAP/PVUSD-ESSER-III-Expenditure-Plan-12-21-21.pdf
44697990117804,Ceiba College Preparatory Academy,Santa Cruz,157838,157838,653061,653061,1468042,1468042,2278941,2278941,https://4.files.edl.io/b867/04/11/22/175033-d06a092e-e93e-4368-9c8c-d5b8d37ca4dc.pdf
44698070000000,San Lorenzo Valley Unified,Santa Cruz,155427,155427,618323,618323,1389953,1389953,2163703,2163703,https://4.files.edl.io/b73d/04/12/22/193955-681a9506-ecbb-49f1-b9e9-1d36345fc69f.pdf
44698070110007,Ocean Grove Charter,Santa Cruz,134635,134635,533168,533168,1198530,1198530,1866333,1866333,https://ogcs.org/documents/public/all-schools-pub/tssd-pub-all/federal-programs/2613-ogcs-esser-iii-expenditure-plan-pdf/file
44698150000000,Santa Cruz City Elementary,Santa Cruz,215352,215352,1002433,1002433,2223968,2253409,3441753,3471194,https://cdnsm5-ss8.sharpschool.com/UserFiles/Servers/Server_222705/File/Budget%20Docs/2021_ESSER_III_Expenditure_Plan_(Elementary)_SCCS_Elementary_20210909%20(1).pdf
44698230000000,Santa Cruz City High,Santa Cruz,669562,669562,2651534,2651534,5612729,5960493,8933825,9281589,https://www.sccs.net/_files/ugd/7b2aab_07a5ebff7120441aa9d611e9eda2804e.pdf
44698490000000,Soquel Union Elementary,Santa Cruz,161596,161596,914993,914993,2056850,2056850,3133439,3133439,https://drive.google.com/file/d/1psv-0ajvBQgeDZF1MKF2AvFqH-bjNHRV/view
44754320000000,Scotts Valley Unified,Santa Cruz,101824,101824,649551,649551,1460153,1460153,2211528,2211528,https://core-docs.s3.amazonaws.com/documents/asset/uploaded_file/3119/SVUSD/2110768/2021-22_ESSER_III_FINAL_Plan__PDF_.pdf
44772480138909,Watsonville Prep,Santa Cruz,59277,59277,302145,302145,679204,679204,1040626,1040626,https://4.files.edl.io/0859/03/08/22/014804-8114f4ac-3d06-496a-a70a-2c44475aa2cb.pdf
45104540000000,Shasta County Office of Education,Shasta,276692,276692,1138964,1138964,2560324,2560324,3975980,3975980,https://www.shastacoe.org/uploaded/Dept/is/IS_Lena/2021_ESSER_III_Expenditure_Plan_Shasta_County_Office_of_Education_20220317.pdf
45104540111674,Chrysalis Charter,Shasta,29713,29713,117668,117668,264510,264510,411891,411891,
45104540129957,Northern Summit Academy Shasta,Shasta,28228,28228,136482,136482,306803,306803,471513,471513,
45698560000000,Anderson Union High,Shasta,449819,449819,1553501,1553501,3492180,3492180,5495500,5495500,https://www.auhsd.net/Downloads/ESSER%20Plan.pdf
45698720000000,Bella Vista Elementary,Shasta,54136,54136,224465,224465,504583,504583,783184,783184,
45698800000000,Black Butte Union Elementary,Shasta,121065,121065,435550,435550,979090,979090,1535705,1535705,https://core-docs.s3.amazonaws.com/documents/asset/uploaded_file/1618298/2021_ESSER_III_Expenditure_Plan_Black_Butte_Union_Elementary_School_District_20211007.pdf
45699140000000,Cascade Union Elementary,Shasta,572006,572006,2292002,2292002,5152286,5152286,8016294,8016294,https://campussuite-storage.s3.amazonaws.com/prod/1559086/ac6be018-27b1-11ec-b897-0a8825499a03/2399324/39d657be-b68f-11ec-8981-02ab557419af/file/2021_ESSER_III_Expenditure_Plan_Cascade_Union_Elementary_School_District_20220407.pdf
45699140135624,Tree of Life International Charter,Shasta,25655,25655,119856,119856,269429,269429,414940,414940,https://treeoflife.school/documents/Covid-19/21-22/esseriiiexpenditureplan-1.pdf
45699220000000,Castle Rock Union Elementary,Shasta,1551,1551,5270,5270,11847,11847,18668,18668,https://core-docs.s3.amazonaws.com/documents/asset/uploaded_file/3985/CRUESD/3014517/a83b5ee583a371b5a95ab609c6e7d508.pdf
45699480000000,Columbia Elementary,Shasta,114178,114178,372429,372429,837197,837197,1323804,1323804,
45699480134122,Redding School of the Arts,Shasta,49873,49873,195726,195726,439981,439981,685580,685580,
45699550000000,Cottonwood Union Elementary,Shasta,187161,187161,819587,819587,1842384,1842384,2849132,2849132,https://core-docs.s3.amazonaws.com/documents/asset/uploaded_file/1997306/2021_ESSER_III_Expenditure_Plan_Cottonwood_Union_School_District_20220408.pdf
45699710000000,Enterprise Elementary,Shasta,955976,955976,3785762,3785762,8510170,8510170,13251908,13251908,https://resources.finalsite.net/images/v1633720437/eesdnet/qavuz16ilxfhw7rmxkwz/EsserIIIExpenditurePlan.pdf
45699890000000,Fall River Joint Unified,Shasta,216133,216133,960552,960552,2159264,2159264,3335949,3335949,https://www.frjusd.org/common/pages/DisplayFile.aspx?itemId=22387195
45700030000000,Grant Elementary,Shasta,39802,39802,141613,141613,318338,318338,499753,499753,
45700110000000,Happy Valley Union Elementary,Shasta,147258,147258,570972,570972,1283510,1283510,2001740,2001740,https://www.hvusd.net/documents/District/District-Departments/District-Office/Business-Services/ESSER-III-Expenditure-Plan.pdf
45700290000000,"Igo, Ono, Platina Union Elementary",Shasta,31152,31152,112074,112074,251936,251936,395162,395162,
45700450000000,Junction Elementary,Shasta,50014,50014,198062,198062,445232,445232,693308,693308,https://drive.google.com/file/d/10BE9r40ePp59ONOLvAEfKvY-Og9MJLRZ/view
45700520000000,Millville Elementary,Shasta,37422,37422,156015,156015,350712,350712,544149,544149,
45700780000000,North Cow Creek Elementary,Shasta,20107,20107,75492,75492,169702,169702,265301,265301,
45700860000000,Oak Run Elementary,Shasta,13576,13576,54374,54374,122229,122229,190179,190179,
45700940000000,Pacheco Union Elementary,Shasta,148746,148746,505694,505694,1136771,1136771,1791211,1791211,https://4.files.edl.io/5bf2/04/12/22/230548-aca1a15b-b17c-4663-9e58-241489c37a20.pdf
45701100000000,Redding Elementary,Shasta,711011,711011,2638521,2638521,5931239,5931239,9280771,9280771,https://www.reddingschools.net/common/pages/GetFile.ashx?key=hqZ8AgVb
45701280000000,Shasta Union Elementary,Shasta,28266,28266,111411,111411,250445,250445,390122,390122,
45701360000000,Shasta Union High,Shasta,745854,745854,2759523,2759523,5613165,6203246,9118542,9708623,https://www.suhsd.net/documents/Quick%20Links/2021_ESSER_III_Expenditure_Plan_Shasta_Union_High_School_District_20211022-Board-Approval-10-25-2021.pdf
45701690000000,Whitmore Union Elementary,Shasta,28163,28163,105823,105823,237883,237883,371869,371869,
45701690136440,Phoenix Charter Academy,Shasta,56543,56543,223916,223916,402680,503350,683139,783809,https://www.ourpca.org/documents/2021-ESSER-III-Plan.pdf
45701690137117,New Day Academy,Shasta,60838,60838,240926,240926,0,0,301764,301764,
45737000000000,Mountain Union Elementary,Shasta,46094,46094,201869,201869,453789,453789,701752,701752,https://drive.google.com/file/d/1IRhSc8_3hkjCR_SqBVQ-AaPYYY3GkjOx/view
45752670000000,Gateway Unified,Shasta,999786,999786,3598802,3598802,8089896,8089896,12688484,12688484,https://cdnsm5-ss16.sharpschool.com/UserFiles/Servers/Server_89878/File/2021_ESSER_III_Expenditure_Plan_Gateway_Unified_School_District_20220209.pdf
46701770000000,Sierra-Plumas Joint Unified,Sierra,67142,67142,271188,271188,609615,609615,947945,947945,
47104700000000,Siskiyou County Office of Education,Siskiyou,35115,35115,139057,139057,312592,312592,486764,486764,https://www.siskiyoucoe.net/cms/lib/CA01001605/Centricity/Domain/4/2021%20ESSER%20III%20Plan%20Siskiyou%20County%20Office%20of%20Education.pdf
47104700117168,Golden Eagle Charter,Siskiyou,112250,112250,444486,444522,999258,999258,1555994,1556030,
47104700137372,Northern United - Siskiyou Charter,Siskiyou,35427,35427,140296,140296,315378,315378,491101,491101,https://www.nucharters.org/wp-content/uploads/2021/10/2021_ESSER_III_Expenditure_Plan_Northern_United_Siskiyou_Charter_20211020-approved-1.pdf
47701850000000,Big Springs Union Elementary,Siskiyou,45267,45267,179264,179264,402974,402974,627505,627505,
47702010000000,Butteville Union Elementary,Siskiyou,24523,24523,84402,84402,179525,189731,288450,298656,https://core-docs.s3.amazonaws.com/documents/asset/uploaded_file/2012517/2021_ESSER_III_Expenditure_Plan_Butteville_Elementary_School_20220415.pdf
47702430000000,Dunsmuir Elementary,Siskiyou,73740,73740,442817,442817,687849,995427,1204406,1511984,
47702500000000,Dunsmuir Joint Union High,Siskiyou,32056,32056,126947,126947,285368,285368,444371,444371,https://dunsmuirhigh.k12.ca.us/documents/District/Other%20Reports%20and%20Plans/Special%20Grants/2021_ESSER_III_Expenditure_Plan_Dunsmuir_High_School_20210922-1.pdf
47703260000000,Grenada Elementary,Siskiyou,22051,22051,87323,87323,196298,196298,305672,305672,https://drive.google.com/file/d/1acgwekq3Xngcy_POhgv5xsJ_WCOY2n01/view
47703340000000,Happy Camp Union Elementary,Siskiyou,37265,37265,121419,147573,245180,331736,403864,516574,https://core-docs.s3.amazonaws.com/documents/asset/uploaded_file/619/HCES/2653967/ESSER_III_Expenditure_Plan.pdf
47703590000000,Hornbrook Elementary,Siskiyou,22352,22352,80564,80564,167258,181104,270174,284020,https://www.hornbrookschool.org/files/user/1/file/2021_ESSER_III_Expenditure_Plan_Hornbrook_Elementary_School_20211019.pdf
47703750000000,Klamath River Union Elementary,Siskiyou,12145,12145,67952,67952,152751,152751,232848,232848,
47704090000000,McCloud Union Elementary,Siskiyou,41097,41097,170902,170902,384021,384179,596020,596178,
47704170000000,Montague Elementary,Siskiyou,76157,76157,277649,277649,624139,624139,977945,977945,https://www.montagueschools.net/_files/ugd/5fdf86_77b643feee734070975cd94001ec596f.pdf
47704250000000,Mt. Shasta Union Elementary,Siskiyou,206190,206190,816533,816533,697570,1835519,1720293,2858242,
47704660000000,Siskiyou Union High,Siskiyou,84337,84337,330296,330296,742487,742487,1157120,1157120,https://agendaonline.net/public/Meeting.aspx?AgencyID=1300&MeetingID=27432&AgencyTypeID=0&IsArchived=True
47704820000000,Weed Union Elementary,Siskiyou,110965,110965,439433,439433,987819,987819,1538217,1538217,
47704900000000,Willow Creek Elementary,Siskiyou,876,876,3150,3150,7081,7081,11107,11107,
47705080000000,Yreka Union Elementary,Siskiyou,371008,371008,1469231,1469231,3302744,3302744,5142983,5142983,https://web.archive.org/web/20220929200657/https://www.yrekausd.net/cms/lib/CA49000016/Centricity/Domain/43/2021YUSDESSERIIIExpenditurePlan.pdf
47705160000000,Yreka Union High,Siskiyou,142734,142734,565242,565242,1270630,1270630,1978606,1978606,
47736840000000,Butte Valley Unified,Siskiyou,87414,87414,414486,414529,757258,931837,1259158,1433780,
47764550000000,Scott Valley Unified,Siskiyou,183319,183319,725964,725964,1605943,1631924,2515226,2541207,https://web.archive.org/web/20220819223835/https://www.svusd.us/SIB/files/2021_ESSER_III_Expenditure_Plan_Scott_Valley_Unified_School_District_20211214_(1).pdf
48104880000000,Solano County Office of Education,Solano,179087,179087,644294,644294,1403668,1448334,2227049,2271715,https://www.solanocoe.net/documents/About/LCAP-and-LCP/SCOE-LCAP-LCP--ESSER/SCOE_ESSER_III_Expenditure_Plan_October_13_2021.pdf-PDF.pdf
48104880139030,Elite Public,Solano,92482,92482,366240,366240,823286,823286,1282008,1282008,
48705240000000,Benicia Unified,Solano,190767,190767,477189,477189,1072692,1072692,1740648,1740648,https://drive.google.com/file/d/1V7OqdNGyGhSLN2iSwPOQf1spFtDJNHDH/view
48705320000000,Dixon Unified,Solano,711914,711914,2418934,2418934,5437622,5437622,8568470,8568470,https://drive.google.com/file/d/1hICYoG_-x4wyAWu_V0BeTo7Q7JeusF-l/view
48705400000000,Fairfield-Suisun Unified,Solano,3374281,3374281,11487267,11487267,23020760,25822701,37882308,40684249,https://go.boarddocs.com/ca/fsusd/Board.nsf/files/D4EQ8Y6814A2/$file/11A%202022_ESSER_III-Expenditure_Plan_Fairfield-Suisun_Unified_School_District_revised%20April2024.pdf
48705650000000,Travis Unified,Solano,263872,263872,602357,602357,1354064,1354064,2220293,2220293,https://web.archive.org/web/20220302064108/https://www.travisusd.org/cms/lib/CA01902810/Centricity/Domain/1981/TravisESSERIIIPlan.pdf
48705730000000,Vacaville Unified,Solano,1305418,1305418,4119707,4119707,8652952,9260860,14078077,14685985,https://go.boarddocs.com/ca/vusdca/Board.nsf/files/CWXM9P5A1D9F/$file/FINAL%20ESSER%20III%20CDE%20Expenditure%20Plan%20Revised%20Nov%202%2C%202023.pdf
48705810000000,Vallejo City Unified,Solano,3768428,3768428,13049528,13049541,28031581,29334601,44849537,46152570,https://resources.finalsite.net/images/v1707673307/vcusdorg/ofybwrtta10uvgjrocac/ElementaryandSecondarySchoolEmergencyReliefESSERPlan.pdf
48705810134262,Caliber: ChangeMakers Academy,Solano,132909,132909,564143,564143,1268160,1268160,1965212,1965212,https://resources.finalsite.net/images/v1636551022/caliberschoolsorg/urpjnbatsbp4ytaop6fz/2021-10-18_esser_iii_expenditure_plan__cma_revision_.pdf
48705810137380,MIT Griffin Academy Middle,Solano,47450,47450,187906,187906,422401,422401,657757,657757,
48705810139816,Griffin Academy High,Solano,17939,17939,71684,71684,161142,161142,250765,250765,
48705814830196,MIT Academy,Solano,86770,86770,343617,343617,772431,772431,1202818,1202818,
48705816116255,Mare Island Technology Academy,Solano,76699,76699,303735,303735,682777,682777,1063211,1063211,
49706070000000,West Sonoma County Union High,Sonoma,121157,121157,483659,483659,1087237,1087237,1692053,1692053,https://core-docs.s3.amazonaws.com/documents/asset/uploaded_file/2016502/2021_ESSER_III_Expenditure_Plan_West_Sonoma_County_Union_High_School_District_20211013.pdf
49706150000000,Bellevue Union,Sonoma,395525,395525,1656861,1656861,3724527,3724527,5776913,5776913,
49706230000000,Bennett Valley Union Elementary,Sonoma,41677,41677,215476,215476,484378,484378,741531,741531,https://ca01902235.schoolwires.net/site/handlers/filedownload.ashx?moduleinstanceid=1159&dataid=3353&FileName=2021_ESSER_III_Expenditure_Plan_Bennett_Valley_Union_School_District_20220919.pdf
49706490000000,Cinnabar Elementary,Sonoma,32696,32696,119971,119971,269688,269688,422355,422355,
49706560000000,Cloverdale Unified,Sonoma,112909,112909,546498,546498,1228494,1228494,1887901,1887901,https://4.files.edl.io/64d5/10/03/23/215543-9d0d504c-424d-42de-8938-78bc96412bd9.pdf
49706800000000,Forestville Union Elementary,Sonoma,36291,36291,143715,143715,323062,323062,503068,503068,https://zva126.p3cdn1.secureserver.net/wp-content/uploads/2023/01/FUSD-ESSER-III.pdf
49706980000000,Fort Ross Elementary,Sonoma,9565,9565,47027,47027,105713,105713,162305,162305,https://drive.google.com/drive/folders/1W4cRjGc__oJ7BfGnSY5Iso9kv09qdgsl
49707060000000,Geyserville Unified,Sonoma,12245,12245,74948,74948,168479,168479,255672,255672,https://www.gusd.com/uploads/1/0/7/8/107860989/2021_esser_iii_expenditure_plan_gusd.pdf
49707140000000,Gravenstein Union Elementary,Sonoma,33794,33794,140528,140528,315899,315899,490221,490221,https://campussuite-storage.s3.amazonaws.com/prod/1559176/f8d33776-fbe5-11ed-897d-0a6004902845/2622914/1c6d6788-1446-11ee-9bb4-0e399338071b/file/1195837251287177141.pdf
49707220000000,Guerneville Elementary,Sonoma,87873,87873,328119,328119,737593,737593,1153585,1153585,
49707300000000,Harmony Union Elementary,Sonoma,25285,25285,103591,103591,232866,232866,361742,361742,https://www.harmonyusd.org/cms/lib/CA50000761/Centricity/Domain/48/LEA%20ESSER%20III%20Expenditure%20Plan.pdf
49707970107284,California Virtual Academy @ Sonoma,Sonoma,104210,104907,415418,415441,926854,933887,1446482,1454235,
49708050000000,Mark West Union Elementary,Sonoma,178389,178389,606127,606127,1362537,1362537,2147053,2147053,https://mwusd.org/wp-content/uploads/2022/02/11.1.1-2021-MWUSD-ESSR-III-Expenditure-Plan.pdf
49708210000000,Montgomery Elementary,Sonoma,874,874,NA,NA,NA,NA,874,874,
49708390000000,Oak Grove Union Elementary,Sonoma,23012,23012,93685,93685,210599,210599,327296,327296,https://drive.google.com/file/d/11G15haI7YwvUwM9yONadOSVCqiRwE2a2/view
49708470000000,Old Adobe Union,Sonoma,151249,151249,771342,771342,1733932,1733932,2656523,2656523,https://drive.google.com/file/d/1OUTkS-xpqtrvicVKPFjsNWKJEwp8CYlp/view
49708540000000,Petaluma City Elementary,Sonoma,175730,175730,695907,695907,1564359,1564359,2435996,2435996,https://web.archive.org/web/20220807221529/https://petalumacityschools.org/cms/lib/CA02204883/Centricity/Domain/49/PCS%20ESSER%20III.pdf
49708620000000,Petaluma Joint Union High,Sonoma,273119,273119,1180435,1180435,2653547,2653547,4107101,4107101,https://web.archive.org/web/20220807221529/https://petalumacityschools.org/cms/lib/CA02204883/Centricity/Domain/49/PCS%20ESSER%20III.pdf
49708700000000,Piner-Olivet Union Elementary,Sonoma,81318,81318,322026,322026,723896,723896,1127240,1127240,https://www.pousd.org/uploads/1/2/6/4/12649520/esser_iii_expenditure_plan_-_district.docx.pdf
49708700106344,Northwest Prep Charter,Sonoma,16900,16900,64797,64797,145659,145659,227356,227356,https://www.pousd.org/uploads/1/2/6/4/12649520/esser_iii_expenditure_plan_-_nwp.docx.pdf
49708706066344,Olivet Elementary Charter,Sonoma,49538,49538,173815,173815,390725,390725,614078,614078,https://www.pousd.org/uploads/1/2/6/4/12649520/esser_iii_expenditure_plan_-_olivet__1_.pdf
49708706109144,Morrice Schaefer Charter,Sonoma,78603,78603,267077,267077,600373,600373,946053,946053,https://www.pousd.org/uploads/1/2/6/4/12649520/esser_iii_expenditure_plan_-_schaefer.docx.pdf
49708706113492,Piner-Olivet Charter,Sonoma,33280,33280,113077,113077,254191,254191,400548,400548,
49708960000000,Rincon Valley Union Elementary,Sonoma,189469,189469,750318,750318,1686670,1686670,2626457,2626457,
49709040000000,Roseland,Sonoma,237766,237766,930956,930956,2092735,2092735,3261457,3261457,https://www.roselandsd.org/files/page/1544/2021_ESSER_III_Expenditure_Plan_Roseland_School_District.pdf
49709040101923,Roseland Charter,Sonoma,389782,473785,1876236,1876236,4217669,4217669,6483687,6567690,https://www.roselandsd.org/files/page/1544/2021_ESSER_III_Expenditure_Plan_Roseland_Charter.pdf
49709120000000,Santa Rosa Elementary,Sonoma,757522,757522,4068108,4068108,9144867,9144867,13970497,13970497,https://simbli.eboardsolutions.com/meetings/TempFolder/Meetings/English%202021_ESSER_III_Expenditure_Plan_Santa_Rosa_City_Schools_20211022%20(1)_1795163lrhzc2qhfhg25e1svpha04p.pdf
49709200000000,Santa Rosa High,Sonoma,1454831,1454831,5861117,5861117,13175447,13175447,20491395,20491395,https://simbli.eboardsolutions.com/meetings/TempFolder/Meetings/English%202021_ESSER_III_Expenditure_Plan_Santa_Rosa_City_Schools_20211022%20(1)_1795163lrhzc2qhfhg25e1svpha04p.pdf
49709380000000,Sebastopol Union Elementary,Sonoma,87514,87514,373048,373048,676754,838590,1137316,1299152,
49709530000000,Sonoma Valley Unified,Sonoma,621595,621595,2163347,2163347,4863076,4863076,7648018,7648018,https://drive.google.com/file/d/1BBYpV_rgC_Nc8i7Hf79feb-M_3bwvfk3/view
49709536111678,Sonoma Charter,Sonoma,29551,29551,122051,122051,274364,274364,425966,425966,https://www.sonomacharterschool.org/_files/ugd/c8908d_bacca3340f8a42edbee9618bbf834640.pdf
49709610000000,Twin Hills Union Elementary,Sonoma,32867,32867,162388,162388,365038,365038,560293,560293,
49709790000000,Two Rock Union,Sonoma,11836,11836,46379,46379,104257,104257,162472,162472,
49709950000000,Waugh Elementary,Sonoma,40601,40601,212353,212353,477358,477358,730312,730312,
49710190000000,Wilmar Union Elementary,Sonoma,33483,33483,132598,132598,298073,298073,464154,464154,https://wilsonschoolpetaluma.org/content/wp-content/uploads/2022/04/2021_ESSER_III_Expenditure_Plan_Wilmar_Union_Elementary_School_District_20220419.pdf
49710350000000,Wright Elementary,Sonoma,223864,223864,886523,886523,1957211,1992851,3067598,3103238,
49738820000000,Cotati-Rohnert Park Unified,Sonoma,514756,514756,2244181,2244181,5044786,5044786,7803723,7803723,https://crpusd.org/files/galleries/2021_ESSER_III_Expenditure_Plan_Cotati-Rohnert_Park_Unified_School_District_20220127.pdf
49753580000000,Windsor Unified,Sonoma,279936,279936,1167943,1167943,2625468,2625468,4073347,4073347,https://wusd.org/20497_3
49753900000000,Healdsburg Unified,Sonoma,221572,221572,756793,756793,1677115,1701226,2655480,2679591,
50105040000000,Stanislaus County Office of Education,Stanislaus,1080865,1080865,4104615,4104615,9226932,9226932,14412412,14412412,https://resources.finalsite.net/images/v1683831046/stancoeorg/htl4jrtchuxzwsh72a9s/FinalSCOEESSERIIIExpenditureplanEdOptions101422.pdf
50105045030234,Valley College High,Stanislaus,18530,18530,73381,73381,164957,164957,256868,256868,https://web.archive.org/web/20230128003839/https://www.stancoe.org/sites/default/files/educational-options/FinalESSERIIIPlanValleyCollegeHighSchool10.5.21.pdf
50710430000000,Ceres Unified,Stanislaus,2517261,2517261,10959526,10959526,24636370,24636370,38113157,38113157,https://core-docs.s3.amazonaws.com/documents/asset/uploaded_file/3072/CUSD/2454651/CUSD_ESSER_III_Expenditure_Plan.pdf
50710430112292,Aspire Summit Charter Academy,Stanislaus,85513,85513,338639,338639,761240,761240,1185392,1185392,
50710500000000,Chatom Union,Stanislaus,133233,133233,527615,527615,982898,1186048,1643746,1846896,https://www.chatom.k12.ca.us/wp-content/uploads/2024/07/ESSER-III-Expenditure-Plan-1.pdf
50710680000000,Denair Unified,Stanislaus,331790,331790,1133133,1133133,2547216,2547216,4012139,4012139,https://www.denairusd.org/documents/Denair-ESSER-III-Plan.pdf
50710760000000,Empire Union Elementary,Stanislaus,826124,826124,3053969,3053969,6865142,6865142,10745235,10745235,https://drive.google.com/file/d/1SRaBLMDYUdKDNgg4KGBqgV87DAZMs-ub/view
50710840000000,Gratton Elementary,Stanislaus,13699,13699,77679,77679,174618,174618,265996,265996,
50710920000000,Hart-Ransom Union Elementary,Stanislaus,71218,71218,282032,282032,633992,633992,987242,987242,https://web.archive.org/web/20230506013720/https://hrusd-ca.schoolloop.com/file/1397285150745/5944814999446603702.pdf
50711000000000,Hickman Community Charter,Stanislaus,37452,37452,207502,207502,466451,466451,711405,711405,https://resources.finalsite.net/images/v1649282163/hickmanschoolsorg/qayvktdbgnth7pvdjuez/2021_ESSER_III_Expenditure_Plan_Hickman_Community_Charter_School_20211101.pdf
50711340000000,Keyes Union,Stanislaus,225790,225790,1398326,1439101,3235014,3235014,4859130,4899905,https://4.files.edl.io/5ca6/04/05/22/171623-c8bec8b2-3c4c-439b-bca3-d0e60902b66a.pdf
50711420000000,Knights Ferry Elementary,Stanislaus,12702,12702,48480,48480,108980,108980,170162,170162,
50711670000000,Modesto City Elementary,Stanislaus,4970219,4970219,21246249,21246249,47739418,47760317,73955886,73976785,https://core-docs.s3.amazonaws.com/documents/asset/uploaded_file/2006078/2021_MCS_Elementary_ESSER_III_Expenditure_Plan_County_Approved.pdf
50711670137265,Aspire University Charter,Stanislaus,76539,76539,362186,362186,814172,814172,1252897,1252897,
50711750000000,Modesto City High,Stanislaus,3174226,3174226,14831355,14831355,33152994,33340013,51158575,51345594,https://core-docs.s3.amazonaws.com/documents/asset/uploaded_file/2006079/2021_MCS_High_School_ESSER_III_Expenditure_Plan_County_Approved.pdf
50711750120212,Aspire Vanguard College Preparatory Academy,Stanislaus,77442,77442,403054,403054,906042,906042,1386538,1386538,
50712090000000,Paradise Elementary,Stanislaus,19014,19014,83640,83640,188017,188017,290671,290671,https://core-docs.s3.amazonaws.com/documents/asset/uploaded_file/2009349/2021_ESSER_III_Expenditure_Plan_Paradise_Elementary_School_District_20211005.pdf
50712170000000,Patterson Joint Unified,Stanislaus,1310490,1310490,5118511,5118511,11506111,11506111,17935112,17935112,https://drive.google.com/file/d/15V9YEjeF3L6D4lPNqDOg-i8PAzOtynP3/view
50712330000000,Roberts Ferry Union Elementary,Stanislaus,1607,1607,36071,36071,81086,81086,118764,118764,
50712660000000,Salida Union Elementary,Stanislaus,335939,335939,1411366,1411366,3172667,3172667,4919972,4919972,https://www.salida.k12.ca.us/42324_3
50712740000000,Shiloh Elementary,Stanislaus,25233,25233,123433,123433,277469,277469,426135,426135,https://core-docs.s3.amazonaws.com/documents/asset/uploaded_file/2009585/2021_ESSER_III_Expenditure_Plan_Shiloh_Elementary_School_20211006.pdf
50712820000000,Stanislaus Union Elementary,Stanislaus,678039,678039,2853498,2853498,6414495,6414495,9946032,9946032,https://www.stanunion.k12.ca.us/files/user/25/file/2021_ESSER_III_Expenditure_Plan_Stanislaus_Union_Elementary_School_District_20211015.pdf
50712900000000,Sylvan Union Elementary,Stanislaus,1279022,1279022,6372192,6372192,14324312,14324312,21975526,21975526,
50713240000000,Valley Home Joint Elementary,Stanislaus,30765,30765,104534,104534,234985,234985,370284,370284,
50736010000000,Newman-Crows Landing Unified,Stanislaus,473711,473711,1997633,1997633,4490561,4490561,6961905,6961905,https://core-docs.s3.amazonaws.com/documents/asset/uploaded_file/1651686/ESSER_3_Expenditure_Plan_Template_and_Instructions_-_Federal_Stimulus_Funding__CA_Dept_of_Education_.pdf
50755490000000,Hughson Unified,Stanislaus,429011,429011,1479911,1479911,3326754,3326754,5235676,5235676,https://go.boarddocs.com/ca/husd/Board.nsf/files/C7AMFP55BEAB/$file/ESSER%20III%20Expenditure%20Plan%2C%20Hughson%20USD%20-%20Cheryl%20Phan.pdf
50755560000000,Riverbank Unified,Stanislaus,623346,623346,2804627,2804627,6304636,6304636,9732609,9732609,
50755640000000,Oakdale Joint Unified,Stanislaus,642276,642276,2622157,2622157,5803183,5894455,9067616,9158888,
50755720000000,Waterford Unified,Stanislaus,470870,470870,2185194,2185194,4912186,4912186,7568250,7568250,https://core-docs.s3.amazonaws.com/documents/asset/uploaded_file/1988228/2021_ESSER_III_Expenditure_Plan_Waterford_Unified_School_District_20211027.pdf
50757390000000,Turlock Unified,Stanislaus,2614625,2614625,12596842,12596842,27562531,28316960,42773998,43528427,https://resources.finalsite.net/images/v1685691978/turlockk12caus/c7mwjnsc4hc4iurh66ed/2021_esser_iii_expenditure_plan_turlock_unified_school_district.pdf
50757390131185,Fusion Charter,Stanislaus,33293,33293,120349,120349,270537,270537,424179,424179,
51105120000000,Sutter County Office of Education,Sutter,86784,86784,343672,343672,772555,772555,1203011,1203011,https://drive.google.com/file/d/1T6-5zF_y46_GBCn0FZ1VRPZ0ZbVc8zOE/view
51105120138040,AeroSTEM Academy,Sutter,24709,24709,98741,98741,221963,221963,345413,345413,https://dwscbcy9jc8hm.cloudfront.net/sites/554/comfy/cms/files/73422/files/original/AEROSTEM_Esser_feedback_12-16-21.pdf
51713570000000,Brittan Elementary,Sutter,57968,57968,199376,199376,448186,448186,705530,705530,https://www.brittan.k12.ca.us/documents/Our%20District/ESSERIII-Final-10-27-21.pdf
51713650000000,Browns Elementary,Sutter,13973,13973,55335,55335,124390,124390,193698,193698,https://core-docs.s3.amazonaws.com/documents/asset/uploaded_file/1675894/Browns_ESSER_III_Plan_Final.pdf
51713730000000,East Nicolaus Joint Union High,Sutter,10410,10410,43720,43720,98280,98280,152410,152410,https://www.eastnicolaus.k12.ca.us/documents/Community/ESSER%20III/ESSER-III.pdf
51713810000000,Franklin Elementary,Sutter,38722,38722,146867,146867,330148,330148,515737,515737,https://www.franklin.k12.ca.us/documents/ESSER/FESD-ESSER-III-Plan-FINAL.pdf
51713990000000,Live Oak Unified,Sutter,602105,602105,2167937,2167937,4873395,4873395,7643437,7643437,https://drive.google.com/file/d/1tuqAYD-Ir4hBAqeqwX--khO0fOHb3_7J/view
51714070000000,Marcum-Illinois Union Elementary,Sutter,1849,1849,6281,6281,14120,14120,22250,22250,https://www.marcum-illinois.org/vimages/shared/vnews/stories/615b894e42a3d/MI%20ESSER%20III%20Board%20Approved%2010-11-21.pdf
51714070109793,South Sutter Charter,Sutter,205814,205814,815043,815043,1832168,1832168,2853025,2853025,https://southsuttercs.org/documents/public/all-schools-pub/tssd-pub-all/federal-programs/2615-sscs-esser-iii-expenditure-plan-pdf/file
51714150000000,Meridian Elementary,Sutter,1168,1168,3967,3967,8918,8918,14053,14053,https://drive.google.com/file/d/1OkDVHdEXvRtgY73moO0RgSMBQokghy_a/view
51714150129007,California Virtual Academy at Sutter,Sutter,163015,163879,820586,820630,969139,1844729,1952740,2829238,
51714230000000,Nuestro Elementary,Sutter,13984,13984,70610,70610,158728,158728,243322,243322,https://drive.google.com/file/d/1FAKiZp487hsRfRfnXxg7QvOdaQzYaa3S/view
51714310000000,Pleasant Grove Joint Union,Sutter,17690,17690,64636,64636,145297,145297,227623,227623,https://www.pgroveschool.org/documents/PG-ESSER-III-Expenditure-Plan-REVISED.pdf
51714490000000,Sutter Union High,Sutter,37735,37735,131002,131002,294485,294485,463222,463222,https://drive.google.com/file/d/1cFWRLOIS7EWe1b-GnPE6m8lXbCnqhkEE/view
51714560000000,Winship-Robbins,Sutter,16278,16278,60893,60893,136885,136885,214056,214056,https://drive.google.com/file/d/1lbX6yNew4P5Ef1aB8E319aWkr-dU-BiI/view
51714640000000,Yuba City Unified,Sutter,3461119,3461119,12631320,12631320,24105701,28394464,40198140,44486903,https://www.ycusd.org/documents/_Ed%20Services/2021_ESSER_III_Expenditure_Plan_Yuba_City_Unified_School_District_20220412.pdf
51714640107318,Twin Rivers Charter,Sutter,58714,58714,207776,207776,467067,467067,733557,733557,https://static1.squarespace.com/static/5cae45617fdcb8044bd5ffa4/t/6184180f0257c81a1f09951a/1636046864218/TRCS+ESSER+III+Expenditure+Plan.pdf
51714645130125,Yuba City Charter,Sutter,91837,91837,352439,352439,792261,792261,1236537,1236537,https://drive.google.com/file/d/1EVziBre9EctsR8QukaE5KEBqXMFAr1KP/view
52105200000000,Tehama County Department of Education,Tehama,60238,60238,238549,238549,536244,536244,835031,835031,https://www.tehamaschools.org/documents/Board/State--Federal-Postings/2021_ESSER_III_Expenditure_Plan_Tehama_County_Office_of_Education_20211012.pdf
52714720000000,Antelope Elementary,Tehama,151397,151397,599547,599547,1347747,1347747,2098691,2098691,
52714980000000,Corning Union Elementary,Tehama,812421,812421,3557698,3557698,7245679,7997496,11615798,12367615,https://www.corningelementary.org/documents/District/Superintendents-Office/District-Funding-Plans-and-Reports/ESSER-Fund-Plan/ESSER-III-Expenditure-Plan.pdf
52715060000000,Corning Union High,Tehama,339809,339809,1232781,1232781,2771219,2771219,4343809,4343809,
52715220000000,Evergreen Union,Tehama,228967,228967,906734,906734,2038285,2038285,3173986,3173986,https://www.evergreenusd.org/documents/About%20Us/District%20Plans/%206.%20American%20Rescue%20Plan%20Act%20-%20ESSER%20III/ESSER-III-Expenditure-Plan.pdf
52715480000000,Gerber Union Elementary,Tehama,135128,135128,559728,559728,1258235,1258235,1953091,1953091,https://www.gerberschool.org/documents/School-Plan-Documents/2021_ESSER_III_Expenditure_Plan_Gerber_Elementary_School_20211026-1.pdf
52715550000000,Kirkwood Elementary,Tehama,1065,1065,3830,3830,8609,8609,13504,13504,
52715630000000,Lassen View Union Elementary,Tehama,52029,52029,203196,203196,456773,456773,711998,711998,https://web.archive.org/web/20221104212002/https://www.lassenview.org/documents/School-Plan-Documents/2021_ESSER_III_Expenditure_Plan_Lassen_View_Elementary_School_20220407.pdf
52715710000000,Los Molinos Unified,Tehama,132845,132845,477932,477932,1074362,1074362,1685139,1685139,
52716210000000,Red Bluff Union Elementary,Tehama,705967,705967,2795702,2795702,6284574,6284574,9786243,9786243,https://www.rbuesd.org/documents/2021_ESSER_III_Expenditure_Plan_Red_Bluff_Union_Elementary_School_District_20211006-5-1.pdf
52716390000000,Red Bluff Joint Union High,Tehama,413507,413507,1637531,1637531,3681074,3681074,5732112,5732112,https://www.rbhsd.org/documents/Departments/Business-Services/2021-2022%20Documents/ESSER-III-Plan-Update.pdf
52716470000000,Reeds Creek Elementary,Tehama,32610,32610,123993,123993,278728,278728,435331,435331,https://www.reedscreek.org/documents/CPP/ESSER%20III%20Expenditure%20Plan.pdf
52716540000000,Richfield Elementary,Tehama,33682,33682,131335,131335,295233,295233,460250,460250,https://www.richfieldschool.org/documents//Richfield-ESSER-Plan-21-22.pdf
53105380125633,California Heritage Youthbuild Academy II,Trinity,16415,16415,67916,67916,152672,152672,237003,237003,https://static1.squarespace.com/static/5564bdeae4b0247ef3637a10/t/625ef7de8bf19d087cbeefba/1650391006988/2021_ESSER_III_Expenditure_Plan_California_Heritage_Youthbuild_Academy_20220418.pdf
53716620000000,Burnt Ranch Elementary,Trinity,12896,12896,164555,164555,369909,369909,547360,547360,https://www.bresd.org/ResourcesRegistration/Accountability/School-Plans/2021-Esser/
53716960000000,Douglas City Elementary,Trinity,39558,39558,156652,156652,352144,352144,548354,548354,https://web.archive.org/web/20230810012249/http://www.dcesd.org/images/accountability/2021_ESSER_III_DCESD.pdf
53717380000000,Junction City Elementary,Trinity,774,774,2782,2782,6255,6255,9811,9811,https://www.jcesd.org/documents/COVID-19/2021_ESSER_III_Expenditure_Plan_Junction_City_Elementary_School_20220408.pdf
53717460000000,Lewiston Elementary,Trinity,52593,52593,261944,261944,485079,588834,799616,903371,https://www.lewistonesd.com/files/user/21/file/2021_ESSER_III_Expenditure_Plan_Lewiston_Elementary_School_20220317.pdf
53738330000000,Southern Trinity Joint Unified,Trinity,56066,56066,245543,245543,551966,551966,853575,853575,https://www.stjusd.org/files/user/1/file/2021_ESSER_III_Expenditure_Plan_Southern_Trinity_Joint_Unified_School_District_20220411.pdf
53750280000000,Mountain Valley Unified,Trinity,118455,118455,426361,426361,944801,958435,1489617,1503251,
53765130000000,Trinity Alps Unified,Trinity,203937,203937,976728,976728,2195627,2195627,3376292,3376292,https://core-docs.s3.us-east-1.amazonaws.com/documents/asset/uploaded_file/4228/TAUSD/3486430/Esser_3_Expenditure_Plan.pdf
54105460000000,Tulare County Office of Education,Tulare,441479,441479,1808845,1826636,4075421,4106170,6325745,6374285,
54105460124057,Valley Life Charter,Tulare,57049,57049,225919,225919,507852,507852,790820,790820,
54105460125542,Sycamore Valley Academy,Tulare,41917,41917,161163,161163,362286,362286,565366,565366,https://www.sycamorevalleyacademy.org/_files/ugd/80044a_25bb0c3029b1479399b8f604bfd38cfb.pdf
54105460135459,Blue Oak Academy,Tulare,32714,32714,130726,130726,293865,293865,457305,457305,https://www.blueoakacademy.org/_files/ugd/80044a_d6e8ff3319b54506997ba0f5c36306ff.pdf
54717950000000,Allensworth Elementary,Tulare,40127,40127,160438,160438,360656,360656,561221,561221,
54718030000000,Alpaugh Unified,Tulare,171954,171954,680956,680956,1530749,1530749,2383659,2383659,https://www.alpaughusd.org/cms/lib/CA50000673/Centricity/Domain/37/2021%20ESSER%20III%20Expenditure%20Plan.pdf
54718110000000,Alta Vista Elementary,Tulare,301500,301500,1338165,1338165,3008115,3008115,4647780,4647780,https://core-docs.s3.amazonaws.com/documents/asset/uploaded_file/2006778/esser__1_.pdf
54718290000000,Buena Vista Elementary,Tulare,21340,21340,90010,90010,202337,202337,313687,313687,https://web.archive.org/web/20230803213400/https://www.buenavistaeagles.org/files/user/2/file/Buena%20Vista%20ESSER%20III%20Plan%202021%20--%20Final.pdf
54718370000000,Burton Elementary,Tulare,696857,696857,2906020,2906020,6532562,6532562,10135439,10135439,https://drive.google.com/file/d/1p7Eh5xQVKB4PZRFOBnY-ZOTL-ZLH28NK/view
54718600000000,Cutler-Orosi Joint Unified,Tulare,2200244,2200244,9086792,9086792,20426573,20426573,31713609,31713609,https://core-docs.s3.amazonaws.com/documents/asset/uploaded_file/4212/Cutler_Orosi_USD/3460565/COJUSD-ESSER-III-Expenditure-Plan-FINAL.pdf
54718940000000,Ducor Union Elementary,Tulare,93991,93991,413539,413539,929611,929611,1437141,1437141,
54719020000000,Earlimart Elementary,Tulare,1360502,1360502,5379645,5379645,11750334,12093125,18490481,18833272,https://drive.google.com/file/d/1Vb6mN1plOgk9ISt7ORlkRos_Sz9zdDcg/view
54719440000000,Hope Elementary,Tulare,28304,28304,101926,101926,229124,229124,359354,359354,https://www.hope-esd.org/accnt_427828/site_427829/Documents/ESSER-III-Expenditure-Plan.pdf
54719510000000,Hot Springs Elementary,Tulare,691,691,NA,NA,NA,NA,691,691,
54719690000000,Kings River Union Elementary,Tulare,272781,272781,1080241,1080241,2428319,2428319,3781341,3781341,
54719850000000,Liberty Elementary,Tulare,66293,66293,324594,324594,729667,729667,1120554,1120554,https://www.libertyelementary.org/documents/2022-ESSER-Plan-Updated.pdf
54719930000000,Lindsay Unified,Tulare,1723612,1723612,7381144,7381144,16592378,16592378,25697134,25697134,https://go.boarddocs.com/ca/lindsay/Board.nsf/files/C7XQ8S6812D1/$file/2021_ESSER_III_Expenditure_Plan_Lindsay_Unified_School_District%20(2).pdf
54720170000000,Oak Valley Union Elementary,Tulare,62775,62775,248595,248595,558827,558827,870197,870197,
54720250000000,Outside Creek Elementary,Tulare,38603,38603,149600,149600,336293,336293,524496,524496,https://tcoe.org/docs/default-source/communications/schools-districts/outside-creek-school/esser-iii-expenditure-plan.pdf?sfvrsn=36503987_3
54720330000000,Palo Verde Union Elementary,Tulare,162617,162617,586060,586060,1317428,1317428,2066105,2066105,https://core-docs.s3.us-east-1.amazonaws.com/documents/asset/uploaded_file/5034/PVUE/4570107/ESSER_III_Expenditure_Plan_21-22_ENG._.pdf
54720410000000,Pixley Union Elementary,Tulare,512193,512193,2028335,2028335,4460882,4559577,7001410,7100105,https://core-docs.s3.amazonaws.com/documents/asset/uploaded_file/2718/PUSD/2350983/2021_ESSER_III_Expenditure_Plan_Pixley_Union_Elementary_School_District_20211021__1_.pdf
54720580000000,Pleasant View Elementary,Tulare,270558,270558,1076065,1076065,2418931,2418931,3765554,3765554,https://web.archive.org/web/20230603035514/http://www.pleasant-view.org/uploads/1/3/3/4/133459996/esser_iii_expediture_plan.pdf
54720820000000,Richgrove Elementary,Tulare,425130,425130,1742776,1742776,3236113,3917658,5404019,6085564,https://core-docs.s3.amazonaws.com/documents/asset/uploaded_file/2003754/2021_ESSER_III_Expenditure_Plan_Richgrove_Elementary_School_District_20220412.pdf
54720900000000,Rockford Elementary,Tulare,102518,102518,368974,368974,459160,829432,930652,1300924,
54721080000000,Saucelito Elementary,Tulare,11001,11001,4957,4957,11144,11144,27102,27102,https://saucelito.org/files/page/1159/2021_ESSER_III_Expenditure_Plan_Saucelito_Elementary_School_20211005__1_.pdf
54721160000000,Sequoia Union Elementary,Tulare,49040,49040,277742,277742,624348,624348,951130,951130,https://4.files.edl.io/c8cf/10/29/21/182733-8fd06c54-b2cd-4c4d-aada-661f19d10526.pdf
54721320000000,Springville Union Elementary,Tulare,137635,137635,792288,792288,1689387,1781016,2619310,2710939,http://www.springvilleschool.org/home/esser-expenditure-plan/
54721400000000,Stone Corral Elementary,Tulare,78965,78965,312711,312711,702957,702957,1094633,1094633,
54721570000000,Strathmore Union Elementary,Tulare,449271,449271,1979015,1979015,3840580,4448710,6268866,6876996,
54721730000000,Sundale Union Elementary,Tulare,126015,126015,499032,499032,1121795,1121795,1746842,1746842,
54721810000000,Sunnyside Union Elementary,Tulare,228853,228853,906279,906279,1736473,2037263,2871605,3172395,https://core-docs.s3.amazonaws.com/documents/asset/uploaded_file/1632699/SUNNYSIDE_ESSER_III_EXPENDITURE_PLAN_1.pdf
54721990000000,Terra Bella Union Elementary,Tulare,462025,462025,1761628,1761628,3960036,3960036,6183689,6183689,https://drive.google.com/file/d/1lhKiq0NoYeTPM6ISXbO4b1o7QBTqWJZ3/view
54722070000000,Three Rivers Union Elementary,Tulare,32723,32723,170285,170285,382790,382790,585798,585798,
54722150000000,Tipton Elementary,Tulare,205516,205516,935291,935291,2102479,2102479,3243286,3243286,https://www.tiptonschool.org/files/user/1/file/2022_ESSER_III_Expenditure_Plan_Tipton_Elementary_School_District_20240520-1.pdf
54722230000000,Traver Joint Elementary,Tulare,82629,82629,327218,327218,735567,735567,1145414,1145414,https://travermustangs.com/files/user/3/file/2021_ESSER_III_FINAL-April.pdf
54722310000000,Tulare City,Tulare,2719917,2719917,10771147,10771147,24212905,24212905,37703969,37703969,https://drive.google.com/file/d/1a-1vqvJa31gHucrDwAkzo2DXCIEuTxQ6/view
54722490000000,Tulare Joint Union High,Tulare,1353335,1353335,5298158,5298158,11357742,11909948,18009235,18561441,https://tb2cdn.schoolwebmasters.com/accnt_119966/site_119967/Documents/ESSER-III-Expenditure-Plan.pdf
54722560000000,Visalia Unified,Tulare,8418352,8418352,34056129,34056129,76556175,76556175,119030656,119030656,https://resources.finalsite.net/images/v1685634881/vusdorg/kbudvxrroif1nrsti3kl/2021ESSERIIIExpenditurePlanVUSD.pdf
54722640000000,Waukena Joint Union Elementary,Tulare,61504,61504,255123,255123,573501,573501,890128,890128,
54722980000000,Woodville Union Elementary,Tulare,285222,285222,1152024,1152024,2589682,2589682,4026928,4026928,https://home.woodvilleschools.org/uploads/1/1/2/5/11259260/2021_esser_iii_expenditure_plan_woodville_elementary_school_20220412-1.pdf
54753250000000,Farmersville Unified,Tulare,1263082,1263082,4368512,4917431,11054096,11054096,16685690,17234609,https://www.farmersville.k12.ca.us/cms/lib/CA01001142/Centricity/ModuleInstance/2871/ESSER%20III%20Expenditure%20Plan%20Final%20October.pdf
54755230000000,Porterville Unified,Tulare,6033643,6033643,25160333,25160333,56558948,56558948,87752924,87752924,https://www.portervilleschools.org/apps/pages/index.jsp?uREC_ID=947718&type=d&pREC_ID=2293816
54755310000000,Dinuba Unified,Tulare,2288527,2288527,9062797,9062797,20372635,20372635,31723959,31723959,
54767940000000,Woodlake Unified,Tulare,870678,870678,3812316,3812316,6925484,8569861,11608478,13252855,https://drive.google.com/file/d/16EddI_qEh6Yqw47nWD4WWWrHgWGiSTmc/view
54768360000000,Exeter Unified,Tulare,957624,957624,3792290,3792290,8524844,8524844,13274758,13274758,
55105530000000,Tuolumne County Superintendent of Schools,Tuolumne,28565,28565,122553,122553,275491,275491,426609,426609,https://www.tcsos.us/wp-content/uploads/2021_ESSER_III_Expenditure_Plan_Tuolumne_County_Office_of_Education_20220131.pdf
55723060000000,Belleview Elementary,Tuolumne,21754,21754,84946,84946,190954,190954,297654,297654,http://mybelleview.org/wp-content/uploads/2021/11/2021-ESSER-III-Plan-Belleview-REVISED.pdf
55723480000000,Columbia Union,Tuolumne,84782,84782,335744,335744,754733,754733,1175259,1175259,
55723550000000,Curtis Creek Elementary,Tuolumne,103128,103128,391544,391544,880167,880167,1374839,1374839,
55723630000000,Jamestown Elementary,Tuolumne,101842,101842,403305,403305,906607,906607,1411754,1411754,
55723710000000,Sonora Elementary,Tuolumne,292323,292323,1157627,1157627,2602278,2602278,4052228,4052228,
55723890000000,Sonora Union High,Tuolumne,186418,186418,738232,738232,1659503,1659503,2584153,2584153,https://s3.amazonaws.com/scschoolfiles/4019/2021_esser_iii_expenditure_plan_sonora_union_high_school_district_20211021.pdf
55723970000000,Soulsbyville Elementary,Tuolumne,54246,54246,214818,214818,482898,482898,751962,751962,https://core-docs.s3.amazonaws.com/documents/asset/uploaded_file/1622797/ESSER_III_Expenditure_Plan.pdf
55724050000000,Summerville Elementary,Tuolumne,135460,135460,488374,488374,709522,1097835,1333356,1721669,https://echalk-slate-prod.s3.amazonaws.com/private/schools/2048/resources/66749de9-6cfb-41ed-861c-90f5c276fce9?AWSAccessKeyId=AKIAJSZKIBPXGFLSZTYQ&Expires=2043094901&response-cache-control=private%2C%20max-age%3D31536000&response-content-disposition=%3Bfilename%3D%222021_ESSER_III_Expenditure_Plan_Summerville_Elementary_School_20211130.pdf%22&response-content-type=application%2Fpdf&Signature=S6Azk59jLysaN23cjCrYVeldl9s%3D
55724130000000,Summerville Union High,Tuolumne,39687,39687,135343,135343,304242,304242,479272,479272,https://www.summbears.net/wp-content/uploads/2021_ESSER_III_Expenditure_Plan_Summerville_Union_High_School_District_20211008-2.pdf
55724210000000,Twain Harte,Tuolumne,26423,26423,128037,128037,287819,287819,442279,442279,https://www.twainharteschool.com/wp-content/uploads/2022/02/Elementary-Secondary-School-Emergency-Relief-Funds-2021ESSRIII.pdf
55751840000000,Big Oak Flat-Groveland Unified,Tuolumne,65318,65318,301408,301408,677548,677548,1044274,1044274,https://www.bofg.org/wp-content/uploads/0752_001.pdf
56105610000000,Ventura County Office of Education,Ventura,521867,521867,2066646,2066646,4645699,4645699,7234212,7234212,https://www.vcoe.org/Portals/7/Communications/Coronavirus/2021_ESSER_III_Expenditure_Plan_Ventura_County_Office_of_Education_20211019.pdf?ver=hLj-JduypYmVFlt8XdICtQ%3d%3d
56724470000000,Briggs Elementary,Ventura,58676,58676,238231,238231,535530,535530,832437,832437,https://core-docs.s3.us-east-1.amazonaws.com/documents/asset/uploaded_file/4177/Briggs_SD/3501621/ESSER_III_Expenditure_Plan.pdf
56724540000000,Fillmore Unified,Ventura,832219,832219,2829095,2829095,6359639,6359639,10020953,10020953,https://www.fillmoreusd.org/apps/pages/index.jsp?uREC_ID=369872&type=d&pREC_ID=2287223
56724620000000,Hueneme Elementary,Ventura,1231144,1231144,5731934,5731934,12885051,12885051,19848129,19848129,https://core-docs.s3.amazonaws.com/documents/asset/uploaded_file/2016767/2021_ESSER_III_Expenditure_Plan_Hueneme_Elementary_School_District_20220418.pdf
56724700000000,Mesa Union Elementary,Ventura,26740,26740,105894,105894,238043,238043,370677,370677,https://mesaschool.org/wp-content/uploads/2022/02/Mesa-Union-School-District-ESSER-III-Expenditure-Plan-2021.pdf
56725040000000,Mupu Elementary,Ventura,14391,14391,56991,56991,128112,128112,199494,199494,
56725120000000,Ocean View,Ventura,365722,365722,1457908,1457908,3277291,3277291,5100921,5100921,https://drive.google.com/file/d/1HXnaRLXpoTpuyv-j8Zb70RQizM1yfDIi/view
56725200000000,Ojai Unified,Ventura,336006,336006,1278657,1278657,2874345,2874345,4489008,4489008,https://core-docs.s3.amazonaws.com/documents/asset/uploaded_file/1753772/2021_ESSER_III_Ojai_Unified.pdf
56725380000000,Oxnard,Ventura,3194946,3194946,14273971,14273971,32087047,32087047,49555964,49555964,https://web.archive.org/web/20220214081605/https://www.oxnardsd.org/cms/lib/CA01802636/Centricity/Domain/16/2021%20-%20ESSER%20III%20Expenditure%20Plan%20OSD%20-%20English.pdf
56725460000000,Oxnard Union High,Ventura,2456761,2456761,10891694,10891694,24483887,24483887,37832342,37832342,https://resources.finalsite.net/images/v1712690385/oxnardunionorg/vrkiztfvuunsrcnhtito/2021_ESSER_III_Expenditure_Plan_Oxnard_Union_High_School_District_20211216.pdf
56725460120634,"Architecture, Construction & Engineering Charter High (ACE)",Ventura,36804,36804,145746,145746,327629,327629,510179,510179,https://4.files.edl.io/744a/04/12/22/172600-2848fc9f-639a-4bd7-a929-d690c6fbdea0.pdf
56725530000000,Pleasant Valley,Ventura,559829,559829,2675662,2675662,6014730,6014730,9250221,9250221,https://resources.finalsite.net/images/v1700575106/pleasantvalleysdorg/geycb5nhctgk3tvctwlh/Reviewed_ESSER_III_Expenditure_Plan_Pleasant_Valley_Elementary_School_District_20211021.pdf
56725536120620,University Preparation Charter School at CSU Channel Islands,Ventura,122304,122304,484336,484336,1088758,1088758,1695398,1695398,https://universitycharterschools.csuci.edu//cms/lib/CA01001231/Centricity/Domain/3/UPCS%20ESSER%20III%20Expenditure%20Plan%202022.pdf
56725610000000,Rio Elementary,Ventura,693668,693668,2905536,2905536,6531473,6531473,10130677,10130677,https://s3.amazonaws.com/scschoolfiles/5005/2021_esser_iii_expenditure_plan_rio_elementary_school_district_10_2021.pdf
56726030000000,Simi Valley Unified,Ventura,1344835,1344835,6165030,6165030,13053518,13858625,20563383,21368490,
56726110000000,Somis Union,Ventura,45573,45573,154849,154849,348091,348091,548513,548513,https://somisusd.org/pdf/ESSER-III.pdf
56726520000000,Ventura Unified,Ventura,1530159,1530159,7418201,7418201,16675679,16675679,25624039,25624039,https://resources.finalsite.net/images/v1653346410/venturausdorg/tiuael1vucjukgnsnbde/2021_VUSD_ESSER_III_Expenditure_Plan_Adopted101221_1_1.pdf
56737590000000,Conejo Valley Unified,Ventura,1246989,1246989,5493420,5493420,12348886,12348886,19089295,19089295,https://go.boarddocs.com/ca/conejo/Board.nsf/files/C7TPKN64A18E/$file/CVUSD%20ESSER%20III%20Expenditure%20Plan%2010.19.2021.pdf
56738740000000,Oak Park Unified,Ventura,70571,70571,266973,266973,600141,600141,937685,937685,https://www.oakparkusd.org/cms/lib/CA01000794/Centricity/domain/5/board%20agendas%202021-2022/OPUSD%20Board%20Packet%20October%2019_2021.pdf
56739400000000,Moorpark Unified,Ventura,365903,365903,1589527,1589527,3573163,3573163,5528593,5528593,https://resources.finalsite.net/images/v1685453864/mrpkorg/ivhgewy6gbk4qhjxsax2/1689951972508571550.pdf
56768280000000,Santa Paula Unified,Ventura,997348,997348,4535664,4535664,10195906,10195906,15728918,15728918,https://web.archive.org/web/20230202015721/https://www.santapaulausd.org/cms/lib/CA01001761/Centricity/Domain/51/2021_ESSER%20III_Santa_Paula_Unified_School_District_finalCOEReview.pdf
57105790000000,Yolo County Office of Education,Yolo,138122,138122,546979,546979,1229576,1229576,1914677,1914677,https://web.archive.org/web/20220121165217/http://ycoe-ca.schoolloop.com/file/1515658754403/1616224473285/4704719546599706528.pdf
57105790132464,Empowering Possibilities International Charter,Yolo,86537,86537,369063,369063,829632,829632,1285232,1285232,https://www.gcccharters.org/documents/LCAP/ESSERIII/2021_ESSER_III_Expenditure_Plan_Empowering_Possibilities_International_Charter_with_TC.pdf
57726780000000,Davis Joint Unified,Yolo,600389,600389,2461797,2461797,5533975,5533975,8596161,8596161,https://cdnsm5-ss18.sharpschool.com/UserFiles/Servers/Server_117089/File/Instruction/LCAP/ESSER%20III%20Expenditure%20.pdf
57726860000000,Esparto Unified,Yolo,121158,121158,479799,479799,1078561,1078561,1679518,1679518,https://drive.google.com/file/d/1pDrltuO9mpe70erVSyItoyZA6sTwFX8B/view
57726940000000,Washington Unified,Yolo,1637259,1637259,7248333,7248333,14275395,16293826,23160987,25179418,https://www.wusd.k12.ca.us/documents/Departments/Education%20Services/Planning-Accountability-Compensatory%20Education/Categorical%20Programs/2021_ESSER_III_Expenditure_Plan_Washington_Unified_School_District_20211022.pdf
57726940131706,River Charter Schools Lighthouse Charter,Yolo,38693,38693,214246,214246,481612,481612,734551,734551,https://lighthousecharterschool.org/accountability-information/
57727020000000,Winters Joint Unified,Yolo,159190,159190,630408,630408,1417121,1417121,2206719,2206719,https://drive.google.com/file/d/1KBP6PqafCOFfngpP7PSRhpAgWXp_tHZL/view
57727100000000,Woodland Joint Unified,Yolo,1774183,1774183,8010745,8010745,18007683,18007683,27792611,27792611,https://www.wjusd.org/documents/Departments/Ed%20Services/CARE/LCAP%20Webpage/22-23%20SY/2021_ESSER_III_Expenditure_Plan_Woodland_Joint_Unified_School_District_20220620.pdf
58105870117242,Yuba Environmental Science Charter Academy,Yuba,29258,29258,106284,106284,238921,238921,374463,374463,https://yescharteracademy.org/wp-content/uploads/2022/04/2021_ESSER_III_Expenditure_Plan_Yuba_Environmental_Science_Charter_Academy_20220413-1.pdf
58727280000000,Camptonville Elementary,Yuba,19781,19791,71200,71200,158819,160054,249800,251045,https://content.myconnectsuite.com/api/documents/49083499bb5949caae55f5e4ba4ee62c.pdf
58727286115935,CORE Charter,Yuba,69799,69799,269859,269859,606628,606628,946286,946286,https://4.files.edl.io/a4ef/04/04/22/205641-ab2b7164-17a5-44ce-a2bd-030e5ea7b255.pdf
58727360000000,Marysville Joint Unified,Yuba,3313798,3313798,13323432,13323432,29196298,29950291,45833528,46587521,https://www.mjusd.com/documents/LCAP%20and%20Budget%20Info/Archived%20LCAP/2021-22%20LCAP%20Info/2021_ESSER_III_Expenditure_Plan_English.pdf
58727360121632,Paragon Collegiate Academy,Yuba,52380,52380,207432,207432,466295,466295,726107,726107,https://web.archive.org/web/20230519202940/https://pca-k12-pt.schoolloop.com/file/1500178973527/1634482147794/3269435466938254381.pdf
58727440000000,Plumas Lake Elementary,Yuba,100883,100883,399507,399507,898069,898069,1398459,1398459,https://drive.google.com/file/d/1VZ-vICFNFlVhadwwDibi-W1-vp0-mzCI/view
58727510000000,Wheatland,Yuba,152296,152296,603106,603106,1355746,1355746,2111148,2111148,https://docs.wheatland.k12.ca.us/BoardDocs/2021-22/October/2021_ESSER_III_Expenditure_Plan_Wheatland_Elementary_School_District_20211013(1).pdf
58727690000000,Wheatland Union High,Yuba,55879,55879,237336,237336,533517,533517,826732,826732,https://core-docs.s3.amazonaws.com/documents/asset/uploaded_file/2472/WUHSD/2017850/ESSER_3_Expenditure_Plan_Template_and_Instructions_-_Federal_Stimulus_Funding__CA_Dept_of_Education_.pdf
01100170124172,Yu Ming Charter,Alameda,NA,NA,45462,45462,102196,102196,147658,147658,https://www.yumingschool.org/wp-content/uploads/2021/10/YU-MING-ESSER-III-EP.docx.pdf
01611190130609,Alameda Community Learning Center,Alameda,NA,NA,104826,104826,235642,235642,340468,340468,https://resources.finalsite.net/images/v1634573578/clcs/lyu97bkrtwsskm4pv6mk/ACLCESSERIIIexpenditureplan.pdf
01611270000000,Albany City Unified,Alameda,147038,147038,582286,582286,1308944,1308944,2038268,2038268,https://albanyca.primegov.com/portal/item?id=12148
04614240118042,Forest Ranch Charter,Butte,NA,NA,77873,77873,175055,175055,252928,252928,https://www.livebinders.com/play/play/2850362?tabid=c1cf36f2-373e-8c8c-c1c0-723ba9f298ee
04614240120394,Inspire School of Arts and Sciences,Butte,NA,NA,162004,162004,364174,364174,526178,526178,https://www.livebinders.com/play/play/2850362?tabid=c1cf36f2-373e-8c8c-c1c0-723ba9f298ee
04614240121475,Sherwood Montessori,Butte,NA,NA,87607,87607,196935,196935,284542,284542,https://www.livebinders.com/play/play/2850362?tabid=34a83517-44f3-bdc3-af6c-37fa3c4e805b#anchor
04614240123810,Wildflower Open Classroom,Butte,NA,NA,44472,44472,99969,99969,144441,144441,https://www.livebinders.com/play/play/2850362?tabid=34a83517-44f3-bdc3-af6c-37fa3c4e805b#anchor
04614240137828,Pivot Charter School North Valley II,Butte,NA,NA,92102,92102,188986,207040,281088,299142,https://www.livebinders.com/play/play/2850362?tabid=34a83517-44f3-bdc3-af6c-37fa3c4e805b#anchor
04614240141085,Achieve Charter School of Chico,Butte,NA,NA,77227,77227,173601,173601,250828,250828,https://www.livebinders.com/play/play/2850362?tabid=03e90a77-485f-276c-47f1-0810195d0583
04614246113773,Chico Country Day,Butte,NA,NA,127062,127062,285627,285627,412689,412689,https://www.livebinders.com/play/play/2850362?tabid=f4b49f7b-c119-646d-48cc-2684d522ce8c
04615070121509,Ipakanni Early College Charter,Butte,NA,NA,80158,90189,202739,202739,282897,292928,https://www.livebinders.com/play/play/2850362?tabid=c1cf36f2-373e-8c8c-c1c0-723ba9f298ee
04615310110338,Achieve Charter School of Paradise Inc.,Butte,NA,NA,112570,112570,253050,253050,365620,365620,https://www.livebinders.com/b/2850362
04615316113765,Children's Community Charter,Butte,NA,NA,101437,101437,228025,228025,329462,329462,
06100660000000,Colusa County Office of Education,Colusa,NA,NA,2274,2274,0,0,2274,2274,
07100740134114,Contra Costa School of Performing Arts,Contra Costa,NA,NA,120709,120709,271346,271346,392055,392055,
07100740731380,Clayton Valley Charter High,Contra Costa,NA,NA,422480,422480,949710,949710,1372190,1372190,
07616550000000,Brentwood Union,Contra Costa,499883,499883,1979589,1979589,4449998,4449998,6929470,6929470,https://core-docs.s3.amazonaws.com/documents/asset/uploaded_file/3938/BUSD/3131416/Final_BUSD_ESSER_III_Plan.pdf
09100900136036,John Adams Academy - El Dorado Hills,El Dorado,NA,NA,34097,34097,76647,76647,110744,110744,https://4.files.edl.io/1fac/10/29/21/015702-bb7fef0b-e179-4cb3-ab78-abf823f2aef9.pdf
09618380136200,Clarksville Charter,El Dorado,NA,NA,446648,446648,1004038,1004038,1450686,1450686,https://resources.finalsite.net/images/v1634335506/featherrivercharterorg/fkgqgdymwnsjc8rsjhyj/2021_10_20_board_meeting_packetCCS.pdf
09618380139006,Cottonwood,El Dorado,NA,NA,867195,867195,1949404,1949404,2816599,2816599,https://cottonwoodk12.org/wp-content/uploads/2021/10/Cottonwood-ARP-ESSER-III-2021-2022-1.pdf
09619450000000,Pioneer Union,El Dorado,68468,68468,328891,328891,702156,739327,1099515,1136686,https://pioneerusd.org/files/user/4/file/2022_ESSER_III_Expenditure_Plan_Pioneer_Union_Elementary_School_District_20230505.pdf
10621660140764,Golden Charter Academy,Fresno,NA,NA,222069,222069,499197,499197,721266,721266,
10621660140806,Aspen Ridge Public,Fresno,NA,NA,129352,129352,290776,290776,420128,420128,https://static1.squarespace.com/static/653801abd354a80cf28015cd/t/6595d11ee51b300d479489a7/1704317214767/ARPS-+ESSER+III.pdf
10625470135103,Yosemite Valley Charter,Fresno,NA,NA,1078491,1078491,2424385,2424385,3502876,3502876,https://dwscbcy9jc8hm.cloudfront.net/sites/165/comfy/cms/files/67634/files/original/10-27-2021_-_Board_Packet_-_YV_-_C.pdf
13631980000000,Meadows Union,Imperial,130097,130097,547281,547281,1230255,1230255,1907633,1907633,https://core-docs.s3.amazonaws.com/documents/asset/uploaded_file/1619732/ESSER_III_Plan.pdf
15636280138131,Heartland Charter,Kern,NA,NA,1477091,1477091,3320414,3320414,4797505,4797505,https://drive.google.com/file/d/1mIhiQNG_OeJgjXKD-j4DjLCtng__Pdcx/view
15636930000000,Norris Elementary,Kern,NA,NA,973915,973915,2189304,2189304,3163219,3163219,https://4.files.edl.io/88ad/02/09/22/155453-1e1b3298-adac-4206-b5be-d70177a91c89.pdf
16101650000000,Kings County Office of Education,Kings,NA,NA,315573,315573,709390,709390,1024963,1024963,https://drive.google.com/file/d/1sP0gzpKbZpspEVPvMYGR41KyZEtYnAcp/view
19101990121772,Environmental Charter Middle - Gardena,Los Angeles,108937,108937,431403,431403,969769,969769,1510109,1510109,https://ecsonline.org/wp-content/uploads/2021/11/ECS-ESSER-III-Expenditure-Plans-Revised-December-2021.pdf
19101990135368,Alma Fuerte Public,Los Angeles,16941,16941,74381,74381,167204,167204,258526,258526,https://www.almafuerteps.org/_files/ugd/7644aa_fd6923b6bb0d47baaa8723ed8c83601b.pdf
19101990139170,Lashon Academy City,Los Angeles,NA,NA,50207,50207,112862,112862,163069,163069,https://lashonacademy.org/wp-content/uploads/2021/10/Lashon-Academy-City-esseriiiexpenditureplan.pdf
19101990140681,Environmental Charter High - Gardena,Los Angeles,NA,NA,118517,118517,266420,266420,384937,384937,https://ecsonline.org/wp-content/uploads/2022/01/ECHSG-ESSER-III-Expenditure-Plan-February-2022.pdf
19101990140756,T.I.M.E. Community,Los Angeles,NA,NA,54444,54444,112519,122388,166963,176832,
19101990140772,KIPP Poder Public,Los Angeles,NA,NA,89330,89330,200810,200810,290140,290140,https://campussuite-storage.s3.amazonaws.com/prod/735103/5e2e7db8-b8d5-11e6-bf0d-22000bd8490f/2320889/bee0dc2c-1fd6-11ec-8acd-0e89542fda31/file/KPOD_2021_ESSER_III_Expenditure_Plan_20210914%20(2).pdf
19101990140798,Bridges Preparatory Academy,Los Angeles,NA,NA,89383,89383,200929,200929,290312,290312,https://www.bpacompton.org/_files/ugd/db2a16_770ec5029279406e84280598db4dc63b.pdf
19646590000000,La Canada Unified,Los Angeles,NA,NA,279677,279677,628696,628696,908373,908373,https://4.files.edl.io/89da/12/15/22/201519-37facd30-30d5-49ec-899c-cad7b844d0fc.pdf
19647330109884,James Jordan Middle,Los Angeles,135283,135283,535734,535734,1204300,1204300,1875317,1875317,https://www.jamesjordanms.com/pdf/JamesJordanMSesseriiiexpenditureplanv2%20_1_.pdf
19647330117978,Goethe International Charter,Los Angeles,NA,NA,114355,114355,257064,257064,371419,371419,https://www.goethecharterschool.org/ourpages/auto/2021/11/18/39918391/GICS%20-%20ESSER%20III%20Expenditure%20Plan.pdf?rnd=1637252116433
19647330137612,Valley International Preparatory High,Los Angeles,NA,NA,0,0,0,0,0,0,
19647330138305,TEACH Preparatory Mildred S. Cunningham & Edith H. Morris Elementary,Los Angeles,NA,NA,332001,332001,746319,746319,1078320,1078320,https://4.files.edl.io/9662/09/20/21/203052-bdf63386-4f6c-4d79-9b26-79c799786009.pdf
19647330140749,Citizens of the World Charter School East Valley,Los Angeles,NA,NA,0,0,0,0,0,0,
19651360117234,Santa Clarita Valley International,Los Angeles,NA,NA,200122,200122,449863,449863,649985,649985,https://ileadsantaclarita.org/about/public-information/esser/
19734370137893,KIPP Compton Community,Los Angeles,87102,87102,471403,471403,1059685,1059685,1618190,1618190,https://campussuite-storage.s3.amazonaws.com/prod/735103/5e2e7db8-b8d5-11e6-bf0d-22000bd8490f/2320882/bee0cea8-1fd6-11ec-b0df-0e89542fda31/file/KCOM%202021_ESSER_III_Expenditure_Plan_20210914.pdf
19753090131987,iLEAD Hybrid,Los Angeles,NA,NA,972021,972021,2185047,2185047,3157068,3157068,https://ileadhybrid.org/board-public-information/esser/
19753090132654,California Pacific Charter- Los Angeles,Los Angeles,NA,NA,183702,183702,412952,412952,596654,596654,
19753090134619,Empower Generations,Los Angeles,NA,NA,76542,76542,172062,172062,248604,248604,https://empowergenerations.org/board-information/esser/
19753090138297,iLead Agua Dulce,Los Angeles,NA,NA,92120,92120,207080,207080,299200,299200,https://ileadaguadulce.org/about/board-information/esser/
19756636120158,New West Charter,Los Angeles,NA,NA,276359,276359,621239,621239,897598,897598,https://www.newwestcharter.org/pdf/esser-iii-budget-plan.pdf
19773620140517,Eagle Collegiate Academy,Los Angeles,NA,NA,0,0,0,0,0,0,
20652430100016,Sherman Thomas Charter,Madera,NA,NA,165284,165284,371550,371550,536834,536834,https://web.archive.org/web/20240216165939/https://www.stcsca.org/cms/lib/CA02224538/Centricity/Domain/2088/2021%20ESSR%20III%20plan.pdf
20652430107938,Liberty Charter,Madera,222524,222524,871269,871269,1958562,1958562,3052355,3052355,https://etaacharter.com/pdf/ESSER%20III%20Expenditure%20Plan.pdf
23655576116669,Pacific Community Charter,Mendocino,NA,NA,64227,64227,144380,144380,208607,208607,https://drive.google.com/file/d/1_ViNY9uwGCN428AFUb86JbZm2zOJuuuy/view
23656150140814,ShanÃ©l Valley Academy,Mendocino,NA,NA,83072,83072,186740,186740,269812,269812,https://drive.google.com/file/d/1j2B7P-d3MuNLfu3rpxD5G6xg6d8XMvWg/view
27102720112177,Monterey Bay Charter,Monterey,NA,NA,104826,104826,235642,235642,340468,340468,https://drive.google.com/file/d/1ILyburCIPciFd-6rW29avCFRMcXVu1a-/view
27660922730240,Learning for Life Charter,Monterey,NA,NA,91652,91652,206029,206029,297681,297681,https://lflcs.org/wp-content/uploads/2022/04/LFLCS-ESSR-III-Expenditure-Plan.pdf
27660926118962,International School of Monterey,Monterey,NA,NA,108002,108002,242783,242783,350785,350785,https://www.ismonterey.org/esserfunds
27738250000000,North Monterey County Unified,Monterey,696506,696506,3486822,3486822,7838170,7838170,12021498,12021498,https://resources.finalsite.net/images/v1684828338/nmcusdorg/sskb9k7otphskpd57w9d/Updated0822NMCUSDESSERIIIExpenditurePlanfor-23.pdf
29102980114322,Yuba River Charter,Nevada,NA,NA,150773,150773,338928,338928,489701,489701,https://yubariverschool.org/wp-content/uploads/2022/11/2021_ESSER_III_Expenditure_Plan_Yuba_River_Charter_School_20221109.pdf
30103060138800,Suncoast Preparatory Academy,Orange,NA,NA,50838,50838,114281,114281,165119,165119,https://docs.google.com/document/d/1iJKPgcOHcHEO3UMRFUZdaSkSgF_WnQYscsn58xH4UJQ/edit
30103060140822,Irvine International Academy,Orange,NA,NA,0,0,0,0,0,0,
31669280121418,John Adams Academy - Roseville,Placer,NA,NA,298595,298595,671223,671223,969818,969818,https://4.files.edl.io/4380/12/10/21/192652-2356cd8f-bb5b-4c1e-b622-bac1de5383e1.pdf
31669510135871,John Adams Academy - Lincoln,Placer,NA,NA,149297,149297,335612,335612,484909,484909,https://4.files.edl.io/8f8f/12/10/21/192557-3ac29231-51af-4a2c-b987-19cde1c796b5.pdf
31750850137927,Placer Academy Charter,Placer,NA,NA,57178,57178,128532,128532,185710,185710,https://web.archive.org/web/20220121205532/http://www.placeracademy.org/uploads/1/2/0/2/120294704/pac_esser_iii_expenditure_plan.pdf
33103300128777,Gateway College and Career Academy,Riverside,NA,NA,46126,46126,103688,103688,149814,149814,https://riversidegcca.org/wp-content/uploads/2022/02/GCCA-ESSER-III-expenditure-plan-REVISED-002.pdf
33103300137836,Pivot Charter School Riverside,Riverside,NA,NA,54469,54469,122444,122444,176913,176913,https://go.boarddocs.com/ca/pivot/Board.nsf/files/C7YT9P74F407/$file/Pivot%20Riverside%20ESSER%20III%20Expenditure%20Plan%20REVISED%20CLEAN%202021-10-20.pdf
33103300138602,JCS - Pine Hills,Riverside,NA,NA,216005,216005,485566,485566,701571,701571,https://drive.google.com/file/d/1aFG5gy_gulTwTBDlyWpBdx6KoGEp5Q2U/view
33103300139428,Garvey/Allen Visual & Performing Arts Academy for STEM,Riverside,NA,NA,131237,131237,295013,295013,426250,426250,https://drive.google.com/file/d/1hs2fs236Wk5pdC8buoq9ENetcfXBPKwE/view
33103300140780,Audeo Valley Charter,Riverside,NA,NA,165215,165215,371394,371394,536609,536609,https://audeovalley.com/wp-content/uploads/2022/04/Audeo-Valley-ESSER-III-Plan.pdf
33669930127142,Highland Academy,Riverside,NA,NA,117532,117532,264205,264205,381737,381737,https://secureservercdn.net/198.71.233.28/279.2ae.myftpupload.com/wp-content/uploads/2021/12/HACS-ESSER-III-Expenditure-Plan-revised-2.pdf
33669930139360,Mission Vista Academy,Riverside,NA,NA,1308735,1308735,2941958,2941958,4250693,4250693,https://drive.google.com/file/d/1dq6Li42vpNoE6-5GyboyqNm6sV37t_3s/view
33671160109843,Santa Rosa Academy,Riverside,NA,NA,428833,428833,963991,963991,1392824,1392824,
34674210140178,New Hope Charter,Sacramento,NA,NA,92273,92273,207423,207423,299696,299696,https://4.files.edl.io/bb7a/02/15/23/035702-032ce4b0-8c71-4b32-8264-015413540ead.pdf
35752590000000,Aromas - San Juan Unified,San Benito,168649,168649,743060,743060,1670354,1670354,2582063,2582063,https://core-docs.s3.amazonaws.com/documents/asset/uploaded_file/1967120/ESSER_III_Expenditure_Plan.pdf
36103630139147,Sycamore Academy of Science and Cultural Arts - Chino Valley,San Bernardino,14308,14308,57178,57178,128532,128532,200018,200018,
36103630140012,Entrepreneur High Fontana,San Bernardino,NA,NA,0,0,0,0,0,0,
36677850000000,Mountain View Elementary,San Bernardino,NA,NA,1160195,1160195,2608050,2608050,3768245,3768245,https://4.files.edl.io/82eb/06/05/23/154144-d6950d98-8b2e-4774-8e4f-69f1fb9e962b.pdf
36678270113928,Riverside Preparatory,San Bernardino,NA,NA,1784995,1784995,4012563,4012563,5797558,5797558,https://www.orogrande.net/apps/pages/index.jsp?uREC_ID=4378639&type=d&pREC_ID=2582415
36678270137174,Mojave River Academy - Gold Canyon,San Bernardino,NA,NA,142464,142464,320251,320251,462715,462715,https://www.orogrande.net/apps/pages/index.jsp?uREC_ID=4378639&type=d&pREC_ID=2582416
36678270137182,Mojave River Academy - National Trails,San Bernardino,NA,NA,345404,345404,776447,776447,1121851,1121851,https://www.orogrande.net/apps/pages/index.jsp?uREC_ID=4378639&type=d&pREC_ID=2582423
36678270137190,Mojave River Academy - Oro Grande,San Bernardino,NA,NA,658713,658713,1480748,1480748,2139461,2139461,https://www.orogrande.net/apps/pages/index.jsp?uREC_ID=4378639&type=d&pREC_ID=2582424
36678270137208,Mojave River Academy - Route 66,San Bernardino,NA,NA,291208,291208,654618,654618,945826,945826,https://www.orogrande.net/apps/pages/index.jsp?uREC_ID=4378639&type=d&pREC_ID=2582426
36678270137216,Mojave River Academy - Rockview Park,San Bernardino,NA,NA,172648,172648,388102,388102,560750,560750,https://www.orogrande.net/apps/pages/index.jsp?uREC_ID=4378639&type=d&pREC_ID=2582425
36678270137224,Mojave River Academy - Silver Mountain,San Bernardino,NA,NA,364488,364488,819347,819347,1183835,1183835,https://www.orogrande.net/apps/pages/index.jsp?uREC_ID=4378639&type=d&pREC_ID=2582427
36678270137232,Mojave River Academy - Marble City,San Bernardino,NA,NA,114818,114818,258103,258103,372921,372921,https://www.orogrande.net/apps/pages/index.jsp?uREC_ID=4378639&type=d&pREC_ID=2582418
36679590114256,Inland Leaders Charter,San Bernardino,NA,NA,295418,295418,664083,664083,959501,959501,https://www.inlandleaders.com/_files/ugd/52b500_33d62632bba043eba1f2f83e354dcae9.pdf
36750510137794,Gorman Learning Center San Bernardino/Santa Clarita,San Bernardino,77970,77970,394084,425656,956850,956850,1428904,1460476,
36750510138107,Southern California Flex Academy,San Bernardino,NA,NA,297788,297788,669410,669410,967198,967198,
37103710138792,JCS - Manzanita,San Diego,NA,NA,111179,111179,249924,249924,361103,361103,https://drive.google.com/file/d/16ZEvF4sJJ4h4OetY8Ep_8GeeNkwulrfr/view
37103716119119,Literacy First Charter,San Diego,NA,NA,1111792,1111792,2499244,2499244,3611036,3611036,http://www.libertychs.org/documents/board/LFCS%20ESSER%20III%20Expenditure%20Plan.pdf
37679910140558,Bostonia Global,San Diego,NA,NA,367739,367739,826655,826655,1194394,1194394,
37680070000000,Cardiff Elementary,San Diego,NA,NA,243582,243582,547557,547557,791139,791139,
37680490132506,Cabrillo Point Academy,San Diego,NA,NA,1356383,1356383,3049068,3049068,4405451,4405451,https://dwscbcy9jc8hm.cloudfront.net/sites/167/comfy/cms/files/74803/files/original/8._CPA_ESSER_III_Expenditure_Plan.pdf
37680490136416,Pacific Coast Academy,San Diego,NA,NA,1601396,1601396,3599844,3599844,5201240,5201240,https://dwscbcy9jc8hm.cloudfront.net/sites/407/comfy/cms/files/68386/files/original/PCA_ESSER_III_Expenditure_Plan.pdf
37681893731072,River Valley Charter,San Diego,NA,NA,50825,50825,114251,114251,165076,165076,https://rivervalleyhigh.org/wp-content/uploads/2021/09/ESSER-III-Expenditure-Plan.pdf
37681896120901,Barona Indian Charter,San Diego,NA,NA,47648,47648,107110,107110,154758,154758,https://78806d3c-a68f-44d1-8ce6-e7fb60523245.filesusr.com/ugd/1b04b5_3613dfd2916547f88bd1f9f37d96f083.pdf
37682130129668,Motivated Youth Academy,San Diego,NA,NA,46575,46575,104699,104699,151274,151274,
37682130138636,JCS - Pine Valley,San Diego,NA,NA,60354,60354,135673,135673,196027,196027,https://drive.google.com/file/d/1t4VkUSpVUOA31dmFATvE2VwlvB6DUKN9/view
37683120000000,Rancho Santa Fe Elementary,San Diego,NA,NA,287496,287496,646274,646274,933770,933770,https://resources.finalsite.net/images/v1685012227/rsfschoolnet/jmhw24xlravplade1ee3/6881818262606642355.pdf
37683380126730,Kavod Charter,San Diego,NA,NA,127095,127095,285702,285702,412797,412797,https://drive.google.com/file/d/1u2SkinVnoPJuda_n-q0NNUxzCTErv19e/view
37683380129395,Elevate,San Diego,NA,NA,123885,123885,278486,278486,402371,402371,https://4.files.edl.io/a4ec/10/21/21/173453-271b5b53-3a51-4388-b3e7-3c6ebc9b5aea.pdf
37683383730959,Altus Schools Charter School of San Diego,San Diego,336144,336144,1209331,1209331,2718505,2718505,4263980,4263980,https://charterschool-sandiego.net/wp-content/uploads/2021/12/CSSD-ESSER-III-Plan-Board-Approved-10.26.21.pdf
37683383731395,Altus Schools Audeo,San Diego,93708,93708,337128,337128,757845,757845,1188681,1188681,https://www.audeocharterschool.net/wp-content/uploads/2021/12/Audeo-ESSER-III-Plan-Board-Approved-10.26.21.pdf
37737910138222,Pivot Charter School - San Diego II,San Diego,NA,NA,66192,66192,148796,148796,214988,214988,https://go.boarddocs.com/ca/pivot/Board.nsf/files/C7YTA375081B/$file/Pivot%20San%20Diego%20II%20ESSER%20III%20Expenditure%20Plan%20REVISED%20CLEAN%202021-10-20.pdf
37754160132472,California Pacific Charter - San Diego,San Diego,NA,NA,135329,135329,304212,304212,439541,439541,
37754160139451,Pathways Academy Charter School - Adult Education,San Diego,NA,NA,0,0,0,0,0,0,
37770990136077,Altus Schools East County,San Diego,57530,57530,227826,227826,512141,512141,797497,797497,https://grossmontsecondarycharter.com/wp-content/uploads/2021/12/GSS-ESSER-III-Plan-Board-Approved-10.20.21.pdf
37771070136473,Altus Schools South Bay,San Diego,55442,55442,221645,221645,498245,498245,775332,775332,https://sweetwatersecondarycharter.com/wp-content/uploads/2021/12/SSS-ESSER-III-Plan-Board-Approved-10.20.21.pdf
39103973930476,Venture Academy,San Joaquin,NA,NA,1092689,1092689,2456300,2456300,3548989,3548989,https://www.ventureacademyca.org/uploads/2/2/8/7/22875116/2021_esser_iii_expenditure_plan_venture_academy_20211022[1].pdf
39686270126755,ABLE Charter,San Joaquin,NA,NA,1006037,1006037,2261512,2261512,3267549,3267549,
39686760140616,KIPP Stockton,San Joaquin,NA,NA,54501,54501,122515,122515,177016,177016,
39773880140392,Banta Charter,San Joaquin,NA,NA,60544,60544,136100,136100,196644,196644,https://www.bantasd.org/common/pages/DisplayFile.aspx?itemId=48930380
41689080000000,Hillsborough City Elementary,San Mateo,NA,NA,104413,104413,234713,234713,339126,339126,https://drive.google.com/file/d/1B7ZqdU56omN9f4Sqg_74vcblCtgMQFYb/view
41690210000000,San Carlos Elementary,San Mateo,NA,NA,134245,134245,301774,301774,436019,436019,https://drive.google.com/file/d/1MDkCpx_62wjILPBTzy6VhlpjEPSADWuZ/view
42691040000000,Ballard Elementary,Santa Barbara,NA,NA,43720,43720,98280,98280,142000,142000,https://ballardschool.org/wp-content/uploads/2023/09/ESSER-III-2022-2023-1.pdf
42691120000000,Blochman Union Elementary,Santa Barbara,NA,NA,56174,56174,126276,126276,182450,182450,https://www.blochmanusd.org/wp-content/uploads/District/Business%20Services/ESSER/2021_ESSER_III_Expenditure_Plan_Blochman_Union_Elementary_School_District_20210922%20Board%20Approved%2010.12.2021.pdf?_t=1634144357
42693280000000,Santa Ynez Valley Union High,Santa Barbara,26041,26041,103126,103126,231820,231820,360987,360987,https://go.boarddocs.com/ca/syvuhsd/Board.nsf/files/C82UER7BBBE9/$file/SYVUHSD%20ESSERIII%20Plan%20.pdf
43694680000000,Fremont Union High,Santa Clara,NA,NA,664833,664833,1494506,1494506,2159339,2159339,
45104540132944,Redding STEM Academy,Shasta,NA,NA,147010,147010,330471,330471,477481,477481,https://4.files.edl.io/cb50/10/07/21/185905-013fadaf-d14c-4f1e-8c87-a2eccd669c98.pdf
45699480139543,Shasta View Academy,Shasta,NA,NA,41295,41295,92829,92829,134124,134124,https://www.shastaview.org/documents/School-Reports/2021_ESSER_III_Expenditure_Plan_Shasta_View_Academy_20220407.pdf
45752670113407,Rocky Point Charter,Shasta,NA,NA,104630,104630,235203,235203,339833,339833,
48705320122267,Dixon Montessori Charter,Solano,NA,NA,111179,111179,249924,249924,361103,361103,https://go.boarddocs.com/ca/dixon/Board.nsf/files/C9KRZP6F7616/$file/2021_ESSER_III_Expenditure_Plan_Dixon_Montessori_Charter_School_20211209%20(1).pdf
49104960000000,Sonoma County Office of Education,Sonoma,NA,NA,977540,977540,2197452,2197452,3174992,3174992,https://www.scoe.org/files/UPDATED_2022_ESSER_III_Expenditure_Plan_Sonoma_County_Alternative_Ed_20230206.pdf
49707220139048,California Pacific Charter - Sonoma,Sonoma,NA,NA,79414,79414,178517,178517,257931,257931,
49707306120588,Pathways Charter,Sonoma,NA,NA,148883,148883,334679,334679,483562,483562,https://4.files.edl.io/0173/04/14/22/181600-f10cdb8f-95e5-4d40-9425-aec77639311a.pdf
49707630000000,Horicon Elementary,Sonoma,NA,NA,48525,48525,109080,109080,157605,157605,
49707970139568,Heartwood Charter,Sonoma,NA,NA,121354,121354,272796,272796,394150,394150,https://heartwoodcharterschool.org/wp-content/uploads/2022/04/ESSER-III-Expenditure-Plan-2022-01-07.pdf
49708130000000,Monte Rio Union Elementary,Sonoma,NA,NA,57329,57329,128872,128872,186201,186201,https://drive.google.com/file/d/1kqxkHVwFmLhj4pbfy2vwca434h3wqJZs/view
49708390138065,Pivot Charter School - North Bay,Sonoma,NA,NA,210614,210614,473449,473449,684063,684063,https://go.boarddocs.com/ca/pivot/Board.nsf/files/C7YT8R74C0F3/$file/Pivot%20North%20Bay%20ESSER%20III%20Expenditure%20Plan%20REVISED%20CLEAN%202021-10-20.pdf
49708546119036,Live Oak Charter,Sonoma,NA,NA,54001,54001,121391,121391,175392,175392,https://www.liveoakcharter.org/uploads/1/2/7/2/127253963/esser_iii_expenditure_plan_locs_final.pdf
49709126116958,Kid Street Charter,Sonoma,38907,38907,139972,139972,314650,314650,493529,493529,https://www.kstreet.org/_files/ugd/34f37d_dc172598eb2a4dc9b0b4d6a3a9a4a104.pdf
49709386113039,Sebastopol Independent Charter,Sonoma,NA,NA,76237,76237,171376,171376,247613,247613,
49709530105866,Woodland Star Charter,Sonoma,NA,NA,112570,112570,253050,253050,365620,365620,https://woodlandstarschool.org/wp-content/uploads/2022/02/esseriiiexpenditureplan.docx3_.pdf
49738820123786,Credo High,Sonoma,NA,NA,134358,134358,302028,302028,436386,436386,
50105040117457,Great Valley Academy,Stanislaus,NA,NA,403073,403073,906083,906083,1309156,1309156,https://www.greatvalleyacademy.com/files/8267/file/esser-iii-plans.pdf
50712660124768,Great Valley Academy - Salida,Stanislaus,NA,NA,254123,254123,571254,571254,825377,825377,https://www.greatvalleyacademy.com/files/8267/file/esser-iii-plans.pdf
51714560133934,Feather River Charter,Sutter,NA,NA,443017,443017,995875,995875,1438892,1438892,https://resources.finalsite.net/images/v1634335710/featherrivercharterorg/ohbdo9odurxjejdtdpzr/2021_10_19_board_meeting_packetFR.pdf
51714566053334,Winship Community,Sutter,NA,NA,50838,50838,114281,114281,165119,165119,
52105206119671,Tehama eLearning Academy,Tehama,NA,NA,107451,107451,241543,241543,348994,348994,
54105466119291,Eleanor Roosevelt Community Learning Center,Tulare,NA,NA,116201,116201,261213,261213,377414,377414,
54718110139477,Monarch River Academy,Tulare,NA,NA,327184,327184,735490,735490,1062674,1062674,
54718520000000,Columbine Elementary,Tulare,NA,NA,44747,44747,100590,100590,145337,145337,https://drive.google.com/file/d/1fP8EjqtTTe0ryVI9ekdHwbcXTiTya_Hv/view
54720090000000,Monson-Sultana Joint Union Elementary,Tulare,184203,184203,806671,806671,1813349,1813349,2804223,2804223,https://www.msschool.org/documents/ESSER-3-Expenditure-Plan.pdf
56105610112417,Ventura Charter School of Arts and Global Education,Ventura,NA,NA,165180,165180,371315,371315,536495,536495,https://4.files.edl.io/85d6/11/01/21/162608-a0276016-9af3-42df-b1aa-1e6e8fa981f9.pdf
56105610121756,BRIDGES Charter,Ventura,NA,NA,37885,37885,85163,85163,123048,123048,https://4.files.edl.io/0cf8/02/04/22/203346-cc29c75b-4250-4887-8343-50b15b2fb163.pdf
56725530139592,Peak Prep Pleasant Valley,Ventura,NA,NA,235222,235222,528766,528766,763988,763988,https://peak-prep.org/wp-content/uploads/2021/10/ESSER_III_Expenditure_Plan_Peak_Prep_Pleasant_Valley_Charter_School_20211014_2021.pdf
57726940124875,Sacramento Valley Charter,Yolo,NA,NA,222244,222244,499593,499593,721837,721837,https://www.sacvalleycharter.org/uploads/8/0/9/9/8099840/2021_esser_iii_expenditure_plan_sacramento_valley_charter_school_20211028__1_.pdf
57727020139436,Compass Charter School of Yolo,Yolo,NA,NA,181063,181063,407018,407018,588081,588081,https://www.compasscharters.org/wp-content/uploads/2021/09/ESSER-III-Expenditure-Plan-CCS-of-Yolo.pdf
58105870000000,Yuba County Office of Education,Yuba,NA,NA,439789,439789,988619,988619,1428408,1428408,https://www.yubacoe.org/cms/lib/CA01902906/Centricity/Domain/61/2021_ESSER_III_Expenditure_Plan_Yuba_County_Office_of_Education.pdf
11625960139550,Lake View Charter,Glenn,NA,NA,228771,228771,514263,514263,743034,743034,https://resources.finalsite.net/images/v1634335901/featherrivercharterorg/pzxexa5cfwjporxeunua/2021_10_20_board_meeting_packetLV.pdf
17640550129601,California Online Public Schools North Bay,Lake,22962,22962,91443,91443,205559,205559,319964,319964,https://californiaops.org/wp-content/uploads/2024/01/ESSER-III-CalCA-North_Bay-BOARD-APPROVED-10.26.21_ACC.pdf
19101990135582,Westbrook Academy,Los Angeles,61454,61454,245575,245575,552037,552037,859066,859066,https://web.archive.org/web/20211126232355/https://russellwestbrookwhynoths.org/wp-content/uploads/2021/10/RWWNHS-ESSER-III-EP.pdf
19647330137471,High Tech LA Middle,Los Angeles,26353,26353,105307,105307,236724,236724,368384,368384,https://4.files.edl.io/a010/03/10/22/204407-2320436e-33d5-48e4-ad2d-47169c02d86b.pdf
19651100000000,Whittier City,Los Angeles,1193886,1193886,4727908,4727908,10628058,10628058,16549852,16549852,https://4.files.edl.io/a94d/04/14/22/170106-8c56a72d-5b33-4342-9d02-fe9925209289.pdf
19753090136531,iLEAD Online Charter,Los Angeles,29079,29079,116201,116201,261213,261213,406493,406493,https://ileadonline.org/board-information/esser/
30103060134239,Epic California Academy,Orange,89164,89164,417598,417598,0,0,506762,506762,
30664640106765,California Online Public Schools Southern California,Orange,485091,485091,1946368,1946368,4375321,4375321,6806780,6806780,https://californiaops.org/wp-content/uploads/2024/01/ESSER-III-CalCA-SoCal-Revised-11-22-21-2.0-ACC.pdf
31103140000000,Placer County Office of Education,Placer,629809,629809,2265838,2265838,4545359,5093471,7441006,7989118,https://www.placercoe.org/PCOEDocuments/PCOE/Educational-Services/Student-Services/2021_ESSER_III_Expenditure_Plan_Placer_County_Community_Schools_20211101.pdf
37681060137034,Altus Schools North County,San Diego,14264,14264,60306,60306,135565,135565,210135,210135,https://web.archive.org/web/20211126232355/https://russellwestbrookwhynoths.org/wp-content/uploads/2021/10/RWWNHS-ESSER-III-EP.pdf
39686500125849,California Online Public Schools Central Valley,San Joaquin,158137,158137,633565,633565,1424217,1424217,2215919,2215919,
54718030112458,California Connections Academy Central Valley,Tulare,78464,78464,408344,408344,917934,917934,1404742,1404742,